name,confidence,tags
101 Wild Turkey,high,bourbon-cask|caramel|vanilla|spicy
15 Stars First West,unknown,
1770 The Original,low,fruity|floral|vanilla
1792 Small Batch,high,bourbon-cask|caramel|vanilla|oak
36 South Double Grain Morris,unknown,
3 унції,unknown,
81 Wild Turkey,high,bourbon-cask|caramel|vanilla|oak
95 Rye Bulleit,high,spicy|oak|vanilla|caramel
Aberargie Morrison,unknown,
Aber Falls,low,fruity|honey|vanilla
Aberfeldy,high,honey|floral|oak|vanilla
Aberfeldy 125th Anniversary Edition,low,honey|oak
Aberfeldy Cadillac,low,honey|oak
Aberfeldy Exceptionnal Cask StJulian,low,fruity|oak
Aberfeldy Gold Bar,low,honey|oak
Aberfeldy Ruby Port Single Cask,low,fruity|honey|oak
Aberlour,high,sherry|honey|vanilla|oak
Aberlour A'Bunadh Alba,high,sherry|chocolate|spicy|oak
Aberlour - Batch 7,low,sherry|oak
Aberlour Casg Annamh,high,honey|sherry|vanilla|oak
Aberlour Double Cask,high,vanilla|honey|oak|fruity
Aberlour Double Sherry Cask Finish,high,sherry|chocolate|honey|oak
Aberlour Forest Reserve,low,sherry|honey|oak
Aberlour Non Chill-filtered,high,honey|spicy|oak|sherry
Aberlour Sherry Cask,high,sherry|chocolate|oak|spicy
Aberlour Triple Cask,low,vanilla|oak|honey|caramel
Adelphi,unknown,
Adelphi Maclean's Nose,low,peated|smoky|spicy
Advent Calendar 2023,unknown,
Aerstone Land Cask,low,vanilla|honey|oak
Aerstone Sea Cask,low,maritime|citrus|oak
Agitator,unknown,
Agitator Argument Islay Pedro Ximenez,low,sherry|chocolate|fruity
Agitator Argument Sherry Butt,low,sherry|chocolate|oak
Agitator Argument Sweet Toast,low,caramel|vanilla|oak
Agitator Chestnut Cask,low,spicy|oak
Agitator Evidens Ice Cider Cask,low,fruity|honey
Agitator Rok,unknown,
Agitator The Swedish Blend,unknown,
Aikan Extra Collection Batch No.3,unknown,
Ailsa Bay,high,peated|vanilla|spicy|citrus
Akashi,low,vanilla|honey|fruity
Akashi Bourbon Cask,low,bourbon-cask|vanilla|caramel
Akashi Meisei,low,honey|fruity
Akashi Red Wine,low,fruity|oak
Akashi Sherry,low,sherry|fruity|honey
Akashi Sherry Cask,low,sherry|oak|chocolate
Akashi White Oak,low,vanilla|honey|oak
Akashi White Wine,low,fruity|floral
Alchemist Tobermory,low,fruity|citrus|maritime
Alexander,unknown,
Alexander Aqva Di Vita Amarone Cask Finish,low,fruity|oak
Allt-A-Bhainne,low,floral|fruity
Allt-a-Bhainne - Old Malt Cask,low,floral|fruity
Allt-a-Bhainne Vintage 1996,low,floral|fruity|oak
Amahagan Edition №1,low,fruity|vanilla
Amahagan Edition No.2 Red Wine Wood Finish,low,fruity|oak
Amahagan Edition №3 Mizunara Wood Finish,low,spicy|oak
Amahagan Yamazakura Wood Finish,low,fruity|oak
Amrut,high,fruity|spicy|honey|oak
Amrut Brandy Finish 2014,low,fruity|oak
Amrut Cask Strength,high,fruity|spicy|oak|honey
Amrut Ex Triple Distilled 2014,low,vanilla|honey|oak
Amrut Fusion,high,peated|spicy|fruity|oak
Amrut Intermediate Sherry,low,sherry|fruity|spicy
Amrut Kadhambam,low,fruity|sherry|spicy
Amrut Lightly Peated,high,peated|spicy|fruity|oak
Amrut Peated,high,peated|smoky|spicy|oak
Amrut Portonova,high,fruity|honey|oak|spicy
Amrut Raj Igala,low,sherry|fruity|spicy
Amrut Triparva Triple Distilled,low,vanilla|honey|spicy|oak
anCnoc,high,floral|honey|citrus|oak
AnCnoc Sherry Peated,high,peated|sherry|smoky|spicy
Angel's Envy Port Cask,high,fruity|caramel|vanilla|oak
Angus Dundee Distillers Glencadam Origin 1825,low,fruity|floral|oak
Angus Dundee Distillers Glen Parker,unknown,
Angus Dundee Glencadam Reserva de Jerez Oloroso Sherry Cask Finish,low,sherry|fruity|oak
An Orkney,unknown,
Antiquary,low,honey|oak|spicy
Antiquary Red,low,honey|caramel|oak
A Quarter Passed Wemyss Malts,low,fruity|honey
Ardbeg,high,peated|smoky|citrus|oak
Ardbeg AN OA,high,peated|smoky|chocolate|vanilla
Ardbeg Antholody Unicorn's Tale,low,peated|smoky|fruity|honey
Ardbeg Anthology,low,peated|smoky|oak|spicy
Ardbeg Anthology Unicorn's Tale,low,peated|smoky|fruity|vanilla
Ardbeg Anthology V3,low,peated|smoky|caramel|oak
Ardbeg Corryvreckan,high,peated|smoky|spicy|chocolate
Ardbeg Dolce,low,peated|smoky|vanilla|caramel
Ardbeg Monster of Smoke Ten Years Old + Ardbeg Monster of Smoke An Oa + Ardbeg Monster of Smoke Wee Beastie,high,peated|smoky|oak
Ardbeg Smoketrails Cote Rotie Edition,low,peated|smoky|fruity|spicy
Ardbeg Smoketrails Napa Valley Edition,low,peated|smoky|fruity|oak
Ardbeg Smokiverse,low,peated|smoky|citrus|oak
Ardbeg Spectacular,low,peated|smoky|honey|spicy
Ardbeg Ten,high,peated|smoky|maritime|citrus
Ardbeg Uigeadail,high,peated|smoky|sherry|chocolate
Ardbeg Unicorn's Tale,low,peated|smoky|fruity|caramel
Ardbeg Wee Beastie,high,peated|smoky|spicy|maritime
Ardmore,high,peated|honey|spicy|oak
Ardmore A Marriage of Cask,low,peated|honey|oak
Ardmore Old & Rare,low,peated|oak
Ardmore Port Wood Finish,low,peated|fruity|oak
Ardmore Vintage 1996,low,peated|spicy|oak
Ardnahoe Bholsa,low,peated|smoky|oak
Ardnahoe Cask Strength,low,peated|smoky|spicy
Ardnahoe Inaugural,low,peated|maritime|oak
Ardnahoe Infinite Loch,low,peated|smoky|maritime
Ardnamurchan AD,low,peated|floral|oak
A Rich Repose Wemyss Malts,low,sherry|honey|oak
Arlett,unknown,
Arlett Explorer,unknown,
Arlett FFD Mizunara,low,spicy|oak
Arlett FFD Pineau Des Charentes,low,fruity|honey
Arlett FFD Rhum Barbade,low,fruity|caramel
Arlett Finition Fut de Pineau des Charentes,low,fruity|honey
Arlett Finition Fut de Rhum Barbade,low,fruity|caramel
Arlett Finition fut Mizunara,low,spicy|oak
Arlett Original,unknown,
Arlett Tourbe,high,peated|oak|spicy
Armorik,low,fruity|floral|oak
Armorik Yeun Elez,high,peated|smoky|oak
Arran,high,fruity|floral|vanilla|oak
Arran Amarone Cask,low,fruity|oak
Arran Barrel Bonfire,unknown,
Arran Barrel Reserve,low,fruity|oak|vanilla
Arran Duero Discovery (The Signature Series Edition 3),low,fruity|oak
Arran Local Barley,low,fruity|floral|oak
Arran Machrie Moor,high,peated|smoky|fruity|oak
Arran Malt Sauternes,high,fruity|honey|oak
Arran Port Cask,high,fruity|spicy|oak
Arran Quarter Cask,high,vanilla|spicy|oak|caramel
Arran Rare Batch French Oak,low,oak|nutty
Arran Sauternes Cask,high,honey|fruity|oak
Arran Sherry Cask,high,sherry|fruity|spicy
Arran Vintage 1997,low,fruity|spicy
Artist Ardmore Artist #15 2009,low,peated|smoky
Artist Collective Ardmore Artist Collective 2009,low,peated|honey
Artist Collective Ben Nevis Artist Collective 2017,low,fruity|nutty
Artist Collective Caol Ila 2013,low,peated|maritime|oak
Artist Collective Glen Elgin Artist Collective 2008,low,honey|floral
Artist Collective Glen Ord Artist Collective 2012,low,spicy|nutty
Artist Collective Linkwood Artist Collective 2012,low,floral|fruity
Artist Macallan Artist #14,low,sherry|oak
Atom Irish #1,unknown,
Atom Irish #2,unknown,
Auchentoshan,high,floral|citrus|vanilla|oak
Auchentoshan American Oak,high,bourbon-cask|vanilla|floral
Auchentoshan Dark Oak,low,sherry|caramel|oak
Auchentoshan Sauvignon Blanc Finish,low,citrus|floral|fruity
Auchentoshan Three Wood,high,sherry|caramel|oak|spicy
Auchroisk,low,fruity|nutty|oak
Auchroisk Flora and Fauna,high,fruity|nutty|spicy
Auchroisk Vintage 1990,low,fruity|honey
Azabu,unknown,
Back to Black,unknown,
Bagots Grain Game,unknown,
Balblair,high,honey|fruity|vanilla|spicy
Ballantine's,high,honey|floral|vanilla|fruity
Ballantine's American Barrel,high,bourbon-cask|vanilla|caramel
Ballantine's Bourbon Finish,high,bourbon-cask|vanilla|honey
Ballantine's Brasil,low,fruity|citrus
Ballantine's Finest,high,honey|floral|vanilla|fruity
Ballantine's Finest Gorillaz,high,honey|floral|vanilla|fruity
Ballantine's Finest Kiss,high,honey|floral|vanilla|fruity
Ballantine's Sunshine,unknown,
Ballantine's Sweet Blend,low,caramel|vanilla
Ballantine's Wild,unknown,
Ballechin,high,peated|smoky|spicy|oak
Ballechin Cask Strength,high,peated|smoky|spicy
Ballina Dubailte Double Distilled,unknown,
Ballina Triarach Triple Distilled,unknown,
Balvenie American Oak,high,honey|vanilla|oak|caramel
Balvenie Caribbean Cask,high,honey|caramel|fruity
Balvenie Double Wood,high,honey|sherry|vanilla|oak
Balvenie Pedro Ximenez Cask,high,sherry|chocolate|caramel
Balvenie Pedro Ximenez Sherry Cask,high,sherry|honey|oak
Balvenie Portwood,high,fruity|honey|spicy
Balvenie The Creation of a Classic,low,honey|vanilla
Balvenie Week of Peat,high,peated|honey|vanilla|smoky
Bandwagon,unknown,
Bankhall,unknown,
Bankhall Distiller's Cut English,unknown,
Bank Note,low,floral|vanilla
Barclays,unknown,
Barrell Batch 036,low,caramel|oak|spicy
Barrell Dovetail,low,fruity|caramel|vanilla
Barrell Foundation,low,vanilla|caramel|nutty
Barrell Rye Batch 004 Cask Strength,low,spicy|oak|nutty
Barrell Seagrass,low,fruity|oak|vanilla
Barrell Vantage,low,caramel|vanilla|spicy
Barry Bernard,unknown,
Barry Bernard Honey,unknown,
Barry Bernard Spisy,unknown,
Bart's,unknown,
Bart's XS Edition,unknown,
Bastille 1789,unknown,
Beara,unknown,
Beara Black Cask Blend,unknown,
Beauchamp,unknown,
Beauchamp Triple Grain,unknown,
BEER Aged on Bourbon Oak Chips,unknown,
BEER Pure Craft Beer Distillate,unknown,
BEER Pure Craft Beer Distillate Milkshake IPA,unknown,
Beinn Dubh Thunder in the Glens Anniversary GB,unknown,
Bell's Original,high,spicy|caramel|fruity|oak
Bell's Spiced,high,spicy|caramel|vanilla
Benchmark №8,high,caramel|vanilla|spicy
Ben Nevis,low,fruity|oak|caramel
Ben Nevis Coire Leis,low,sherry|fruity
Ben Nevis Traditional,low,fruity|oak
Ben Nevis Traditional Peated Malt,low,peated|smoky|nutty
BenRiach,low,honey|fruity|nutty
BenRiach Authenticus,high,peated|smoky|honey|oak
BenRiach + BenRiach The Smoky + BenRiach,low,peated|oak
BenRiach Curiositas,high,peated|smoky|honey
Benriach Malting Season,unknown,
BenRiach Oloroso Butt Cask 7353,high,sherry|chocolate|oak
BenRiach Refill Bourbon Barrel Cask 7512,high,bourbon-cask|honey|oak
BenRiach Sherry,high,sherry|fruity|nutty
Benriach Smoke Season,high,peated|smoky|vanilla
Benriach The Original,low,honey|fruity|vanilla
BenRiach The Original Ten,high,honey|fruity|vanilla|oak
BenRiach The Smoky,high,peated|smoky|oak
Benriach The Smoky Ten,high,peated|smoky|fruity
BenRiach The Smoky Twelve,high,peated|smoky|caramel
BenRiach The Twelve,high,honey|fruity|nutty|oak
BenRiach Three Cask Matured,low,honey|sherry|vanilla
Benrinnes Flora and Fauna,high,fruity|nutty|caramel
Benrinnes Special Release 2024,low,fruity|vanilla
Benromach,high,peated|smoky|fruity|spicy
Benromach Cask Strength,high,peated|smoky|maritime|spicy
Benromach High Enzyme,low,peated|spicy|fruity
Benromach Organic,low,peated|nutty|spicy
Benromach Peat Smoke,high,peated|smoky|maritime
Benromach Virgin Oak Air Dried,low,peated|oak|vanilla
Benromach Virgin Oak Kiln Dried,low,peated|oak|caramel
Bercloux,unknown,
Bernheim Original Wheat,high,honey|vanilla|caramel|floral
Berry Bros. Lochindaal 2010 Cask #4339,low,peated|maritime|spicy
Beverbach Tequila Cask Finish,unknown,
Beverbach Tri Cask,unknown,
Big Moustache,low,spicy|caramel
Big Peat,high,peated|smoky|maritime|oak
Big Peat Douglas Laing,high,peated|smoky|maritime|oak
Billy Bong,unknown,
Black Art 11 Bruichladdich,low,sherry|fruity|chocolate
Black Bottle,low,smoky|maritime|oak
Black Bottle Andean Oak,low,oak|smoky
Black Bottle Captain's Cask,low,fruity|caramel
Black Bull Kyloe,low,sherry|fruity|oak
Black Bull Kyloe Sherry Finish,low,sherry|caramel|fruity
Black Bull Peated Finish,low,peated|spicy
Black Label Johnnie Walker,high,peated|smoky|vanilla|oak
Black Label Scots Gold,unknown,
Black Ram,unknown,
Black Ram Bourbon Cask Finish,unknown,
Black Ram Honey Spirit Drink,unknown,
Black Velvet,high,vanilla|oak|spicy
Black Velvet Reserve,low,caramel|vanilla|oak
Black Velvet Toasted Caramel,high,caramel|vanilla|oak
Black Velvet Toasted Caramel Flavored,high,caramel|vanilla|oak
Bladnoch,low,floral|fruity|citrus|oak
Bladnoch 2009,unknown,
Bladnoch Alinta,unknown,
Bladnoch Dragon Series 3 (Spanish Oak Sherry & American Oak),high,sherry|fruity|floral|oak
Bladnoch Dragon Series 5 (Tokaji & Canasta sherry),high,sherry|honey|fruity|oak
Bladnoch Kirkcowan,low,floral|vanilla|oak
Bladnoch Liora,low,floral|fruity|vanilla
Bladnoch Samsara,unknown,
Bladnoch The Wave I,unknown,
Bladnoch Vinaya,unknown,
Bladnoch Vintage 1992,unknown,
Blair Athol 1st Fill Bourbon Hogshead,high,bourbon-cask|vanilla|honey|oak
Blair Athol 1st fill Bourbon Hogshead The Yellow Edition,high,bourbon-cask|vanilla|honey|oak
Blair Athol - First Editions Author's Series Artur Schnitzler,low,honey|sherry|oak
Blair Athol - Hepburn's Choice,low,honey|sherry|oak
Blair Athol Kolonist Cabernet Merlot,high,fruity|spicy|oak
Blair Athol Re-Charred Wine Barrique The Yellow Edition,high,fruity|oak|honey
Blanton's Gold,high,vanilla|caramel|honey|oak
Blanton's Gold Edition,high,vanilla|caramel|honey|oak
Blanton's Original,high,vanilla|caramel|oak|citrus
Blanton's Takara Black Single Barrel,high,caramel|oak|spicy|vanilla
Blended Malt #3,unknown,
Blue Ridge American Virginia Distillery Company,unknown,
Blue Spot,high,fruity|spicy|sherry|oak
Bomberger's Declaration,high,caramel|vanilla|spicy|oak
Bonailie,unknown,
Boulder,unknown,
Boulder American Port Cask Finish,low,fruity|oak|spicy
Boulder Bottled in Bond,unknown,
Boulder New,unknown,
Boulder Peated Malt,high,peated|smoky|oak
Boulevardier,unknown,
Bouteille Double Cask,unknown,
Bouteille Triple Cask,unknown,
Bowmore,high,peated|maritime|honey|chocolate
Bowmore Darkest,high,peated|sherry|chocolate|maritime
Bowmore №1,high,peated|honey|floral|vanilla
Bowmore Vault Edit N°1 Atlantic Sea Salt,high,peated|maritime|smoky|oak
Bowmore Vintage 1997,low,peated|honey|maritime
Braes of Glenlivet,low,fruity|floral|oak
Brenne,high,fruity|floral|vanilla|oak
Brenne Estate Cask,high,fruity|floral|vanilla|oak
Bruichladdich,high,floral|citrus|maritime|oak
Bruichladdich Black Art 11,high,sherry|fruity|spicy|oak
Bruichladdich Black Art 9.1,high,sherry|fruity|spicy|oak
Bruichladdich Classic Laddie Scottish Barley,high,floral|citrus|oak|vanilla
Bruichladdich Islay Barley,high,citrus|fruity|floral|oak
Bruichladdich Islay Barley 2012,high,citrus|fruity|oak
Bruichladdich Islay Barley 2013,high,citrus|fruity|floral
Bruichladdich Islay Barley 2014,high,citrus|fruity|oak
Bruichladdich Octomore 12.2,high,peated|smoky|maritime|oak
Bruichladdich Octomore 15.1,high,peated|smoky|oak|spicy
Bruichladdich Octomore 15.2,high,peated|smoky|maritime|vanilla
Bruichladdich Octomore 16.1,high,peated|smoky|oak|citrus
Bruichladdich Organic Barley,high,floral|citrus|oak
Bruichladdich Organic Barley 2012,high,floral|citrus|fruity
Bruichladdich Port Charlotte,high,peated|smoky|maritime|oak
Bruichladdich Port Charlotte Islay Barley,high,peated|smoky|oak|citrus
Bruichladdich Port Charlotte Islay Barley 2011/2012,high,peated|smoky|maritime|fruity
Bruichladdich Port Charlotte Islay Barley 2013,high,peated|smoky|fruity|oak
Bruichladdich Port Charlotte Islay Barley 2014,high,peated|smoky|citrus|maritime
Bruichladdich Scottish Barley,high,floral|citrus|oak|vanilla
Bruichladdich Super Heavily Peated,high,peated|smoky|oak|maritime
Bruichladdich Yellow Submarine,low,floral|fruity|oak
Buchanan's,high,honey|vanilla|oak|caramel
Buffalo Trace,high,caramel|vanilla|oak|spicy
Bulleit,high,spicy|oak|vanilla|caramel
Bulleit 95 Rye,high,spicy|oak|caramel
Bunnahabhain,high,maritime|sherry|fruity|oak
Bunnahabhain 1987 - Old & Rare,low,fruity|oak|maritime
Bunnahabhain 1989 - Old & Rare,low,fruity|oak|maritime
Bunnahabhain Canasta Cask Matured,high,sherry|fruity|chocolate|oak
Bunnahabhain Cask Strength,high,sherry|fruity|maritime|oak
Bunnahabhain Moine,high,peated|smoky|maritime|oak
Bunnahabhain PX,high,sherry|fruity|honey|oak
Bunnahabhain Ruby Port Cask Finish,high,fruity|oak|maritime|spicy
Bunnahabhain Stiuireadair,high,honey|fruity|maritime|oak
Bunnahabhain Toiteach A Dha,high,peated|smoky|maritime|oak
Bunnahabhain Triple Sherry Wood Finish,high,sherry|spicy|fruity|oak
Bunnahabhain Turas Math,low,fruity|maritime|oak
Bunnahabhain Vintage 2001,low,fruity|maritime|oak
Bushmills,high,fruity|vanilla|floral|oak
Bushmills Black,low,honey|fruity|oak
Bushmills Black Bush,high,sherry|fruity|honey|oak
Bushmills Bourbon Finish,high,bourbon-cask|vanilla|caramel|oak
Bushmills Caribbean Rum Cask Finish,high,fruity|vanilla|caramel|oak
Bushmills Malaga,high,fruity|honey|oak|vanilla
Bushmills Original,high,honey|vanilla|floral|oak
Bushmills Rum Finish,high,fruity|caramel|vanilla|oak
Busker,high,fruity|honey|vanilla|oak
Busker Triple Cask Triple Smooth,high,sherry|fruity|honey|oak
Cabernet Cask American Virginia Distillery Company,low,fruity|oak|spicy
Cadenhead Ben Nevis,unknown,
Cadenhead Craigellachie,unknown,
Cadenhead Glen Garioch,unknown,
Cadenhead Glenglassaugh,unknown,
Cadenhead Glen Moray,unknown,
Cadenhead's 7 Stars,unknown,
Cadenhead Tomatin,unknown,
Cadenhead Tullibardine,unknown,
Cailleach,unknown,
Cailleach Master's Edition,unknown,
Caisteal Chamuis,unknown,
Cameron Bridge,high,vanilla|floral|caramel|oak
Canadian Club,high,caramel|vanilla|oak|spicy
Canadian Mist,high,caramel|vanilla|oak
Canmore,unknown,
Caol Ila,high,peated|maritime|smoky|oak
Caol Ila 1991 - Old & Rare,low,peated|maritime|oak
Caol ila Distillers Edition,high,peated|maritime|fruity|oak
Caol Ila Distillers Edition 2023,high,peated|maritime|fruity|oak
Caol ila Moch,high,peated|maritime|honey|oak
Caol Ila Special Release 2024,low,peated|maritime|smoky|oak
Caol Ila Vintage 1996,low,peated|maritime|oak
Caol Ila White Porto,high,peated|maritime|fruity|oak
Caperdonich,low,fruity|oak|floral
Caperdonich Peated,high,peated|smoky|oak
Cardhu Amber Rock,high,honey|vanilla|floral|oak
Cardhu Gold Reserve,high,honey|vanilla|caramel|oak
Carpathian Palo Cortado,low,sherry|nutty|oak|spicy
Carpathian Shiraz,low,fruity|spicy|oak
Cashmere & Quietude,unknown,
Cask Orkney,unknown,
Catoctin Creek Roundstone Rye CP,high,spicy|floral|oak|fruity
Catoctin Creek Rye Distillers Edition,high,spicy|oak|fruity
Cattos,low,caramel|oak|honey
Catto's Deluxe,low,honey|caramel|oak
Cedar Ridge,low,vanilla|caramel|oak
Cedar Ridge Iowa,low,caramel|vanilla|oak
Cedar Ridge Wheat,low,vanilla|caramel|spicy
Celtic Revival,unknown,
Charles House,unknown,
Charlie Parry's Mallows,unknown,
Chichibu On The Way 2024,low,fruity|spicy|oak
Chichibu Paris Edition 2025,low,fruity|floral|oak
Chichibu Red Wine Cask,low,fruity|spicy|oak
Chivas Brothers Limited XV,low,honey|fruity|oak
Chivas Regal,high,honey|fruity|floral|vanilla
Chivas Regal Balmain,low,honey|fruity|vanilla
Chivas Regal Charles Leclerc Limited Edition,low,honey|fruity|oak
Chivas Regal Crystal Gold,low,honey|vanilla|floral
Chivas Regal Extra,high,sherry|fruity|oak|honey
Chivas Regal Extra Rum Cask,high,fruity|vanilla|caramel|oak
Chivas Regal Extra Sherry Cask,high,sherry|fruity|chocolate|oak
Chivas Regal Extra Tequila Cask,low,citrus|floral|vanilla
Chivas Regal Gold Signature,low,honey|vanilla|oak
Chivas Regal Royal Salute,high,honey|fruity|sherry|oak
Chivas Regal The Icon,low,honey|vanilla|oak
Chivas Regal XV,high,honey|spicy|fruity|oak
Chivas Royal Salute Garden Party,low,floral|fruity|honey
Chivas Royal Salute Peated Blend,high,peated|smoky|honey|oak
Cider Cask American Virginia Distillery Company,low,fruity|oak|vanilla
Civitas,unknown,
Clan Campbell,low,honey|oak|caramel
Clan Campbell Dark,low,sherry|caramel|oak
Clan Denny Highland,low,honey|fruity|oak
Clan Denny Islay,low,peated|smoky|maritime
Clan Denny Speyside,low,fruity|honey
Clan MacGregor,low,caramel|oak|honey
Classic,unknown,
Claymore,low,honey|oak|caramel
Clydeside Napier,low,floral|fruity|oak
Clydeside Stobcross,low,fruity|floral|oak
Clynelish,high,honey|citrus|vanilla|oak
Clynelish Special Release 2025,low,honey|fruity|oak
Clynelish Vintage 1995,low,honey|fruity|oak
Coalition Barrel Proof,unknown,
Coalition Margaux Barriques,low,fruity|spicy|oak
Coalition Pauillac Barriques,low,fruity|oak|caramel
Coalition Sauternes Barriques,low,honey|fruity|vanilla
Compass Box Artist Blend,high,honey|vanilla|fruity|oak
Compass Box Glasgow,low,caramel|spicy|oak
Compass Box Hedonism,high,vanilla|caramel|fruity|oak
Compass Box Nectarosity,high,honey|floral|fruity|vanilla
Compass Box Orchard House,high,fruity|floral|vanilla|oak
Conciere,unknown,
Connemara,high,peated|smoky|spicy|oak
Connemara Distillers Edition,high,peated|smoky|sherry|honey
Connemara Distillers Edition Peated,high,peated|smoky|vanilla|oak
Connemara Original,high,peated|smoky|honey|spicy
Connemara Original (Peated),high,peated|smoky|oak|vanilla
Connemara Peated,high,peated|smoky|spicy|honey
Cooper's Choice Dailuaine 2011 Port Wood Finish,low,fruity|oak|honey
Cooper's Choice Inchgower 2011 Oloroso Cask Finish,low,sherry|fruity|nutty
Copper Dog,high,honey|vanilla|fruity|oak
Courage & Conviction Bourbon Cask,low,bourbon-cask|vanilla|caramel
Courage & Conviction Cuvee Cask,low,fruity|oak|spicy
Courage & Conviction Sherry Cask,low,sherry|fruity|nutty
Crabbie and Cree,unknown,
Crabbie&Cree,unknown,
Cragganmore,high,floral|fruity|spicy|oak
Cragganmore Distillers Edition,high,fruity|spicy|oak|honey
Cragganmore Distillers Edition 2023,low,fruity|oak|spicy
Cragganmore Vintage 1991,low,floral|fruity|oak
Cragganmore Vintage 1997,low,fruity|spicy|oak
Craigellachie,high,fruity|spicy|oak|nutty
Craigellachie Armagnac Cask Finish,low,fruity|spicy|oak
Craigellachie Kokur,low,fruity|oak|spicy
Crater Lake Rye,low,spicy|caramel|oak
Crazy Charley,unknown,
Crazy Charley Black Label,unknown,
Crazy Charley Sour Mash,unknown,
Crazy Charley White Label,unknown,
Crested Jameson,high,honey|vanilla|fruity|oak
Croithli Sessile,unknown,
Cromwell's Royal,unknown,
Crown Royal,high,vanilla|caramel|oak|fruity
Cu Bocan,high,peated|smoky|spicy|oak
Cutty Sark,high,floral|citrus|vanilla|oak
Cutty Sark Original,high,citrus|floral|oak|honey
Cutty Sark Prohibition,low,citrus|floral|spicy|oak
Daftmill,low,fruity|floral|oak
Dailuaine,high,sherry|fruity|spicy|nutty
Dailuaine 1st fill Bourbon Hogshead The Yellow Edition,low,bourbon-cask|vanilla|caramel
Dailuaine 1st fll Oloroso Sherry (Bodega),low,sherry|nutty|fruity
Dailuaine Black Doctor,low,sherry|fruity|spicy
Dailuaine Flora and Fauna,high,sherry|fruity|nutty|spicy
Dailuaine Vintage 1997,low,sherry|fruity|oak
Dalaruan Classic Selection The Lost Distillery,low,maritime|smoky|oak
Dalmahoy Bourbon Cask Finish,low,bourbon-cask|vanilla|caramel
Dalmahoy Rum Cask Finish,low,fruity|vanilla|caramel
Dalmahoy Sherry Cask Finish,low,sherry|fruity|oak
Dalmore,high,sherry|citrus|chocolate|oak
Dalmore Cigar Malt,high,sherry|chocolate|spicy|fruity
Dalmore Cigar Malt Reserve,high,sherry|chocolate|spicy|oak
Dalmore King Alexander III,high,sherry|chocolate|fruity|spicy
Dalmore Port Wood,high,fruity|chocolate|oak|spicy
Dalmore Port Wood Reserve,high,fruity|chocolate|honey|oak
Dalmore Sherry Cask Select,high,sherry|citrus|chocolate|nutty
Dalmore The Quartet,high,sherry|chocolate|fruity|oak
Dalmore The Trio,high,sherry|citrus|chocolate|spicy
Dalwhinnie,high,honey|floral|vanilla|oak
Dalwhinnie Distillers Edition,high,honey|sherry|floral|oak
Dalwhinnie Distillers Edition 2023,low,honey|sherry|oak
Darkness,low,sherry|chocolate|fruity
Darkness! Darkness,low,sherry|fruity|oak
Darkness! Darkness! Campbeltown,low,sherry|maritime|fruity
Darkness! Darkness! Strathisla,low,sherry|fruity|honey
Daucourt Bastille №7 1789,unknown,
Daucourt Bastille №8 1789,unknown,
Daviess County,low,spicy|caramel|vanilla
Daviess County Cabernet Sauvignon,low,fruity|spicy|caramel
Daviess County French Oak,low,oak|spicy|vanilla
Deanston,high,honey|vanilla|citrus|oak
Deanston Kentucky Cask,low,bourbon-cask|vanilla|caramel
Deanston Old Malt Cask,low,honey|vanilla|oak
Deanston Organic,low,honey|floral|citrus|oak
Deanston Tequila Cask Finish,low,citrus|floral|vanilla
Deanston Un-Chill Filtered,low,vanilla|citrus|floral
Deanston Vintage 1994,low,honey|fruity|oak
Deanston Virgin Oak,low,oak|vanilla|spicy
De Danann,unknown,
De Danann Walsh,unknown,
Deep River,unknown,
Dewar Rattray Auchentoshan 1998,low,floral|vanilla|citrus
Dewar Rattray Cask Islay,low,peated|smoky|maritime
Dewar Rattray Cask Speyside,low,fruity|honey|floral
Dewar Rattray Glenrothes 1986,low,sherry|fruity|honey
Dewar Rattray Stronachie,unknown,
Dewar Rattray Stronachie Small Batch,unknown,
Dewar's Caribbean Smooth,low,vanilla|caramel|honey|spicy
Dewar's Carribean Smooth,low,vanilla|caramel|honey|spicy
Dewar's Design White Label,low,honey|vanilla|oak
Dewar's Portuguese Smooth,low,fruity|vanilla|oak
Dewar's Special Reserve,low,honey|oak|spicy|caramel
Dewar's White Label,low,honey|vanilla|oak|spicy
Dewar's Спешел Резерв,low,honey|oak|spicy|caramel
Double Black Johnnie Walker,high,peated|smoky|oak|spicy
Douglas Laing Aberfeldy Vintage,low,honey|floral|oak
Douglas Laing Allt a'Bhaine Vintage,unknown,
Douglas Laing Ardmore,low,peated|smoky|spicy
Douglas Laing Arran,low,fruity|floral|vanilla
Douglas Laing Auchentoshan,low,floral|citrus|vanilla
Douglas Laing Auchroisk,low,fruity|floral
Douglas Laing Beastie,low,honey|spicy|oak
Douglas Laing Ben Nevis,low,fruity|nutty|oak
Douglas Laing Ben Nevis Sherry Cask,low,sherry|fruity|nutty
Douglas Laing Benrinnes Sherry Cask,low,sherry|spicy|chocolate
Douglas Laing Big Peat,high,peated|smoky|maritime|oak
Douglas Laing Bladnoch,low,floral|honey|vanilla
Douglas Laing Blair Athol,low,sherry|nutty|oak
Douglas Laing Bowmore,high,peated|smoky|maritime|honey
Douglas Laing Braes of Glenlivet,unknown,
Douglas Laing Bunnahabhain,low,maritime|nutty|oak
Douglas Laing Bunnahabhain Sherry Cask,low,sherry|maritime|nutty
Douglas Laing Caol Ila,high,peated|smoky|maritime|citrus
Douglas Laing Caperdonich Vintage,unknown,
Douglas Laing Clynelish,low,honey|fruity|maritime
Douglas Laing&Company Jura 1995,low,fruity|honey|oak
Douglas Laing & Co Old Particular Inchgower,unknown,
Douglas Laing & Co Old Particular Probably Orkney's Finest,low,honey|floral|smoky
Douglas Laing & Co Vintage 1986,unknown,
Douglas Laing & Co Vintage 1993,unknown,
Douglas Laing Cragganmore,low,floral|spicy|nutty
Douglas Laing Craigellachie,low,spicy|nutty|oak
Douglas Laing Dailuaine,low,sherry|spicy|oak
Douglas Laing Deanston Vintage,low,honey|citrus|vanilla
Douglas Laing Extra Old Particular Caol Islay,low,peated|smoky|maritime
Douglas Laing Fettercairn Vintage,low,honey|citrus|fruity
Douglas Laing Glenallachie Vintage,low,sherry|fruity|spicy
Douglas Laing Glenburgie,low,floral|fruity|honey
Douglas Laing Glenburgie Vintage,low,honey|floral|vanilla
Douglas Laing Glencadam Vintage,low,fruity|nutty|vanilla
Douglas Laing Glendronach Vintage,low,sherry|chocolate|nutty
Douglas Laing Glen Garioch Vintage Bourbon Cask,low,bourbon-cask|spicy|oak
Douglas Laing Glengoyne Vintage,low,sherry|fruity|honey
Douglas Laing Glen Grant,low,fruity|citrus|floral
Douglas Laing Glenlivet Vintage,low,citrus|fruity|oak
Douglas Laing Glenlossie Vintage,low,floral|vanilla
Douglas Laing Glen Moray Vintage,low,honey|vanilla|oak
Douglas Laing Glen Ord,low,sherry|nutty|spicy
Douglas Laing Glenrothes Vintage,low,sherry|fruity|floral
Douglas Laing Glen Spey,unknown,
Douglas Laing Glentauchers Vintage,low,floral|honey
Douglas Laing Highland Park Vintage,low,honey|floral|smoky|oak
Douglas Laing Jura Vintage,low,honey|maritime|vanilla
Douglas Laing Knockando Vintage,low,floral|nutty
Douglas Laing Laphroaig Vintage,high,peated|smoky|maritime|oak
Douglas Laing Linkwood Vintage,low,floral|citrus|honey
Douglas Laing Longmorn Vintage,low,fruity|honey|spicy
Douglas Laing Macduff Vintage,low,fruity|oak
Douglas Laing Miltonduff,low,honey|floral|fruity
Douglas Laing Mortlach,low,sherry|spicy|nutty
Douglas Laing Mortlach Vintage,low,sherry|nutty|chocolate
Douglas Laing Pittyvaich Vintage,unknown,
Douglas Laing Provenance Inchgower,unknown,
Douglas Laing Provenance Jura,low,fruity|maritime|spicy
Douglas Laing Rock Island,low,maritime|smoky|spicy
Douglas Laing Rock Island Sherry Edition,low,sherry|maritime|spicy
Douglas Laing Royal Lochnagar Vintage,low,sherry|honey|floral
Douglas Laing Scallywag,high,sherry|fruity|spicy|chocolate
Douglas Laing Speyside's Finest,low,fruity|floral|nutty
Douglas Laing's Rock Island,low,maritime|smoky|spicy
Douglas Laing's Timorous Beastie,low,sherry|spicy|oak
Douglas Laing Strathisla Vintage,low,sherry|fruity
Douglas Laing Strathmill Vintage,unknown,
Douglas Laing The Epicurean,low,floral|vanilla|citrus
Douglas Laing The Gauldrons,low,maritime|oak|spicy
Douglas Laing Timorous Beastie,low,sherry|spicy|oak
Douglas Laing Tobermory,low,maritime|fruity|nutty
Douglas Laing Tomatin,low,fruity|honey|vanilla
Douglas Laing Tomintoul,low,floral|fruity|vanilla
Douglas Laing Tullibardine,low,vanilla|floral|oak
Douglas Laing XOP Macallan 1990,low,sherry|fruity|chocolate
Douglas Laing XOP Speyside Finest 1967,unknown,
Dram Loch,unknown,
Drummers Reserve,unknown,
Dublin's Own,unknown,
D.U.C Double Cask,unknown,
D.U.C Triple Cask,unknown,
Dunville's 1808,low,honey|vanilla|floral
Dunvilles Blend,low,honey|floral|oak
Dunville's Dead Island,low,peated|smoky
Dunvilles Oloroso,low,sherry|fruity|spicy
Dunville's Palo Cortado,low,sherry|nutty|spicy
Dunville's PX,low,sherry|chocolate|fruity
Dunville's Three Crowns,low,vanilla|honey|spicy
Dunville's Three Crowns Peated,high,peated|smoky|honey
Eagle Rare,high,caramel|vanilla|oak|spicy
Eagle Rare Single Barrel,high,caramel|vanilla|oak|honey
Early Times,low,vanilla|caramel|oak
Ecosse G,unknown,
Edderwick,unknown,
Edradour,low,sherry|fruity|nutty
Edradour 2016 Hampden Cask 2016,low,fruity|spicy|caramel
Edradour Caledonia,low,fruity|vanilla|bourbon-cask
Edradour Cask Strength,low,sherry|fruity|spicy
Edradour Cask Strength 2013,low,sherry|nutty|oak
Edradour Lagrein Cask 2014,low,fruity|spicy|oak
Edradour Sherry Cask,low,sherry|fruity|nutty
Edradour Sherry Cask Finish,low,sherry|nutty|spicy
Eiregold,unknown,
Eiregold Special Reserve,unknown,
Element Fusion,unknown,
Element Lore,unknown,
Elements of Islay,low,peated|smoky|maritime
Elements Peated Malt M&H Distillery,high,peated|smoky|spicy
Elements Pomegranate Wine Cask M&H Distillery,low,fruity|spicy|oak
Elements Red Wine Cask M&H Distillery,low,fruity|oak|chocolate
Elements Sherry Cask M&H Distillery,low,sherry|fruity|spicy
Elijah Craig,high,caramel|vanilla|oak|spicy
Elijah Craig Single Barrel,high,vanilla|caramel|oak|honey
Elijah Craig Small Batch,high,caramel|honey|oak|spicy
Emerald Giant Rye Redwood Empire,low,spicy|caramel|oak
Empire Rye Batch 1,unknown,
ENTUZIAST HONEY SPIRIT AGED,low,honey|vanilla
Evade Wine Cask Finish French,unknown,
Evan Williams 1783,high,caramel|vanilla|oak
Evan Williams Black,high,vanilla|caramel|spicy
Evan Williams Bottled in Bond,high,caramel|oak|spicy
Explorers' Explorer Advent Calendar 2023,unknown,
Ezra Brooks White Label,high,vanilla|caramel|honey
Fauconnier Highland's Friends,unknown,
Fauconnier Hunting Lodge,unknown,
Fercullen,low,fruity|honey
Fercullen Estate 3 The Gate Amarone Cask Influence,low,fruity|oak
Fercullen Falls,low,honey|floral
Fercullen Falls Irish Small Batch,low,honey|vanilla
Fercullen The Gate Amarone Cask,low,fruity|oak
Fettercairn,high,fruity|honey|vanilla|oak
Fettercairn 1978,low,oak|fruity|vanilla
Fettercairn Koval/Brandy vs Porto Cask,low,fruity|oak
Fettercairn Vintage 1995,low,honey|fruity|oak
FEW,low,spicy|fruity
Filey Bay Flagship Spirit of Yorkshire,low,honey|fruity
Filey Bay Moscatel Sherry Cask Spirit of Yorkshire,low,sherry|fruity
Filey Bay Nurture Spirit of Yorkshire,low,honey|floral
Filey Bay STR Red Wine Cask Spirit of Yorkshire,low,fruity|spicy|oak
Fillers Sherry Cask,low,sherry|oak
Fillers Sherry Cask Strength,low,sherry|oak|spicy
Filliers,unknown,
Finity Irish Honey,high,honey|vanilla|caramel
Finlaggan Eilean Mor,high,peated|smoky|oak
Finlaggan Original Peaty,high,peated|smoky|maritime
Finlaggan Red Wine Cask,high,peated|smoky|fruity
Finlaggan Red Wine Cask Matured,high,peated|smoky|fruity
First Edition Speyburn,low,honey|floral|fruity
Fordman,unknown,
Forty Creek Copper Pot Reserve,high,fruity|spicy|vanilla|oak
Four Roses,high,fruity|floral|caramel
Four Roses + Four Roses Small Batch + Four Roses Single Barrel,high,fruity|floral|caramel|spicy
Four Roses Single Barrel,high,fruity|floral|oak|spicy
Four Roses Small Batch,high,fruity|floral|caramel|oak
Fuji,low,fruity|floral
Fujimi,low,fruity|vanilla
Fujimi Matsui Distillery,low,fruity|honey
Fujimi The 7 Virtues of the Samurai,unknown,
Fuyu,unknown,
Fuyu Barley,unknown,
Fuyu Mizunara,low,oak|spicy
Fuyu Mizunara Finish,low,oak|spicy
Gelston's,unknown,
Gelston's Halewood,unknown,
Gentleman Jack,high,vanilla|caramel|oak|spicy
Gentleman Jack Daniel's,high,vanilla|caramel|oak|spicy
Georgia Moon Corn,unknown,
Girvan,low,vanilla|floral|fruity
Girvan Patent Still,low,vanilla|fruity|oak
Girvan Patent Still №4 Apps,low,vanilla|floral|oak
Glant Bernard,unknown,
GlenAladale Blue Edition,unknown,
GlenAladale Red Edition,unknown,
GlenAllachie,high,sherry|fruity|chocolate|spicy
Glenallachie 2014 Sinteis French Virgin Oak & Oloroso Cask,low,sherry|oak|spicy
GlenAllachie Amontillado Sherry Cask Finish,low,sherry|nutty|oak
GlenAllachie Cask Strength,high,sherry|oak|chocolate|spicy
GlenAllachie Cask Strength (Batch),high,sherry|oak|chocolate|spicy
Glenallachie Chinquapin Oak,low,oak|vanilla|caramel
GlenAllachie Cuvee,low,fruity|floral|oak
GlenAllachie Douro Wine Finish,low,fruity|chocolate|oak
GlenAllachie Fino Sherry Cask Finish,low,sherry|nutty|citrus
GlenAllachie Grattamacco Wine Finish,low,fruity|spicy|oak
Glenallachie Hungarian Oak,low,oak|spicy|vanilla
GlenAllachie Oloroso Sherry Cask Finish,low,sherry|chocolate|nutty
GlenAllachie Premier Cru classé Wine Finish,low,fruity|floral|spicy
GlenAllachie Ruby Port Cask Finish,low,fruity|chocolate|oak
Glenallachie Scottish Oak,low,oak|spicy|honey
Glenallachie Vintage 1995,low,sherry|fruity|nutty
Glenalmond,unknown,
Glen Angel,unknown,
Glen Barley №3,unknown,
Glen Barley №5,unknown,
Glen Barley №7,unknown,
Glen Broch,unknown,
Glenburgie 1980 - Old & Rare,low,floral|honey|oak
Glenburgie Vintage 1992,low,floral|honey|fruity
Glenburgie Vintage 1995,low,honey|fruity|oak
Glencadam,high,fruity|floral|honey
Glencadam American Oak Reserve,low,vanilla|oak|fruity
Glencadam Origin 1825,high,honey|floral|oak
Glencadam Reserva Andalucia Oloroso Sherry Cask Finish,low,sherry|chocolate|nutty
Glencadam Reserva de Amarone Amarone Wine Cask Finish,low,fruity|spicy|caramel
Glencadam Reserva de Jerez Oloroso Sherry Cask Finish,low,sherry|chocolate|nutty
Glencadam Reserva de Madeira Madeira Cask Finish,low,fruity|nutty|caramel
Glencadam Reserva de Madeira Madeira Wine Cask Finish,low,fruity|nutty|caramel
Glencadam Reserva de Porto Branco White Port Cask Finish,low,citrus|fruity|floral
Glencadam Reserva de Porto Tawny Tawny Port Cask Finish,low,fruity|caramel|oak
Glencadam Reserva PX Pedro Ximenez Sherry Cask Finish,low,sherry|chocolate|fruity
Glencadam Reserve de Bordeaux Merlot Wine Cask Finish,low,fruity|oak|chocolate
Glencadam Reserve de Burgundy Pinot Noir Wine Cask Finish,low,fruity|floral|oak
Glencadam Reserve de Calvados Calvados Barrel Finish,low,fruity|spicy|vanilla
Glencadam Vintage 1990,high,fruity|honey|oak
Glencoe,low,fruity|honey
Glendale,unknown,
Glendale Reserve,unknown,
Glendalough Double Barrel,low,vanilla|oak|spicy
Glendalough Mizunara Cask Finish,low,oak|spicy|floral
Glendalough Pot Still Peated,high,peated|smoky|spicy
Glen Deveron,low,fruity|honey
Glendronach,high,sherry|chocolate|fruity|nutty
Glendronach #7006 CB Batch 18,low,sherry|fruity|chocolate
Glendronach Ode To The Dark,low,sherry|chocolate|oak
Glendronach Ode To The Embers,low,sherry|oak|spicy
Glendronach Ode To The Valley,low,sherry|honey|oak
GlenDronach Peated,high,peated|smoky|sherry
Glendronach The Original,high,sherry|chocolate|fruity
Glendronach Vintage 1995,low,sherry|fruity|oak
Glen Elgin,low,honey|floral|fruity
Glenfarclas,high,sherry|fruity|oak|spicy
Glenfarclas 105,high,sherry|oak|chocolate|spicy
Glenfarclas Heritage,high,sherry|fruity|honey
Glenfarclas The Family Cask,low,sherry|oak|nutty
Glenfarclas The Family Cask 1957 (Release X) #1081,low,sherry|fruity|caramel
Glenfarclas The Family Cask 1960 A13 #1770,low,sherry|fruity|spicy
Glenfarclas The Family Cask A25 #531,low,sherry|fruity|spicy
Glenfarclas The Family Cask S22 #852,low,sherry|nutty|oak
Glenfiddich,high,fruity|floral|oak|vanilla
Glenfiddich Amontillado Sherry Cask Finish,low,sherry|nutty|fruity
Glenfiddich Bourbon Barrel Reserve,high,bourbon-cask|vanilla|honey|oak
Glenfiddich Fire and Cane,high,smoky|caramel|spicy|vanilla
Glenfiddich Fire&Cane,high,smoky|caramel|spicy|vanilla
Glenfiddich Grand Cru,high,fruity|floral|vanilla|oak
Glenfiddich Grande Couronne,high,fruity|oak|spicy|vanilla
Glenfiddich Grand Yozakura,low,floral|fruity|honey|oak
Glenfiddich IPA Experiment,high,citrus|fruity|floral|vanilla
Glenfiddich Mix Pack,unknown,
Glenfiddich Orchard Experiment,high,fruity|floral|vanilla|honey
Glenfiddich Project XX,high,fruity|spicy|oak|vanilla
Glenfiddich Sherry Cask,high,sherry|fruity|spicy|oak
Glenfiddich Small Batch,low,fruity|honey|oak
Glenfiddich Triple Oak,low,oak|vanilla|fruity
Glenfiddich VAT 01,low,vanilla|oak|fruity
Glengannon,unknown,
Glen Garioch,low,spicy|floral|oak|citrus
Glen Garioch Faunder's Reserve,low,spicy|vanilla|oak|fruity
Glen Garioch Founder's Reserve,high,spicy|vanilla|oak|fruity
Glenglassaugh,low,fruity|honey|maritime|vanilla
Glenglassaugh Portsoy,low,maritime|fruity|honey|oak
Glenglassaugh Rare Cask #2230 PX Sherry 1968,high,sherry|chocolate|fruity|oak
Glenglassaugh Sandend,low,fruity|honey|maritime|oak
Glengoyne,high,sherry|fruity|spicy|oak
Glengoyne Cask Strength,high,sherry|fruity|spicy|oak
Glengoyne Hepburn's Choice,low,fruity|spicy|oak
Glengoyne White Oak,unknown,
Glen Grant,high,fruity|floral|citrus|vanilla
Glen Grant Arboralis,high,fruity|floral|vanilla|citrus
Glen Grant The Major's Reserve,high,fruity|floral|vanilla|honey
Glen Keith,low,fruity|floral|vanilla
Glen Keith Vintage 1993,low,fruity|floral|honey
Glenkinchie,high,floral|citrus|fruity|vanilla
Glenkinchie Distillers Edition,high,sherry|floral|citrus|fruity
Glenkinchie The Floral Treasure,high,floral|citrus|fruity|honey
Glenlassie,unknown,
Glenlivet Captain's Reserve,high,fruity|vanilla|oak|spicy
Glenlivet Double Oak,high,vanilla|caramel|oak|fruity
Glenlivet Triple Cask Matured,high,honey|fruity|vanilla|oak
Glenlivet Vintage 1995,low,fruity|floral|honey
Glenlossie,low,floral|fruity|vanilla
Glenlossie Flora and Fauna,low,floral|fruity|nutty
Glenlossie Vintage 1993,low,floral|fruity|vanilla
Glenmorangie,high,floral|citrus|vanilla|honey
Glenmorangie Accord,unknown,
Glenmorangie A Tale of Ice Cream,high,vanilla|fruity|caramel|honey
Glenmorangie A Tale of the Forest,high,honey|floral|spicy|oak
Glenmorangie A Tale Of Winter,high,spicy|fruity|vanilla|oak
Glenmorangie Calvados Cask Finish,high,fruity|floral|oak|spicy
Glenmorangie Elementa,low,honey|vanilla|oak
Glenmorangie Lasanta,high,sherry|chocolate|fruity|oak
Glenmorangie Original,high,citrus|floral|vanilla|honey
Glenmorangie Palo Cortado,high,sherry|fruity|spicy|oak
Glenmorangie Palo Cortado Cask Finish,high,sherry|fruity|spicy|oak
Glenmorangie Palo Cortado Finish,high,sherry|fruity|spicy|oak
Glenmorangie Signet,high,chocolate|fruity|nutty|spicy
Glenmorangie Tale of Ice Cream,high,vanilla|fruity|caramel|honey
Glenmorangie Tale of Spices,low,spicy|fruity|vanilla
Glenmorangie Tale of the Forest,high,honey|floral|spicy|oak
Glenmorangie Tale of Tokyo,low,spicy|oak|fruity
Glenmorangie The Cadboll Estate,low,honey|vanilla|floral
Glenmorangie The Infinita,unknown,
Glenmorangie The Nectar,high,honey|citrus|vanilla|fruity
Glenmorangie The Quinta Ruban,high,chocolate|fruity|spicy|oak
Glenmorangie The Tribute,unknown,
Glenmorangie Triple Cask Reserve,low,vanilla|spicy|honey|oak
Glenmorangie X,high,vanilla|citrus|floral
Glen Moray,high,honey|vanilla|fruity|oak
Glen Moray Cabernet Cask Finish,high,fruity|spicy|oak|caramel
Glen Moray Chardonnay Cask Finish,high,fruity|citrus|floral|vanilla
Glen Moray Classic,high,honey|vanilla|fruity|oak
Glen Moray Classic Chardonnay,high,fruity|citrus|floral
Glen Moray - Old Malt Cask,low,vanilla|honey|oak
Glen Moray Peated,high,peated|smoky|honey|vanilla
Glen Moray Phoenix Rising,unknown,
Glen Moray Port,high,fruity|spicy|caramel|oak
Glen Moray Sherry,high,sherry|fruity|spicy|oak
Glen Moray Smoky,low,smoky|honey|vanilla
Glen Moray Vintage 1991,low,honey|vanilla|oak
Glen Ord Vintage 1990,low,sherry|fruity|spicy
Glen Ord Vintage 1997,low,sherry|fruity|spicy
Glen Parker,unknown,
Glenrothes,high,sherry|fruity|honey|citrus
Glenrothes Jurancon,high,fruity|honey|floral|citrus
Glenrothes Vintage 1990,low,sherry|fruity|honey
Glen Russell,unknown,
Glen Ryan,unknown,
Glen Scanlan,unknown,
Glen Scotia,high,maritime|vanilla|fruity|oak
Glen Scotia Amontillado Cask,high,sherry|maritime|nutty|oak
Glen Scotia Campbeltown Harbour,high,maritime|fruity|vanilla|caramel
Glen Scotia Double Cask,high,sherry|maritime|fruity|vanilla
Glen Scotia Double Cask Rum Cask Finish,high,fruity|caramel|maritime|vanilla
Glen Scotia Double Cask Rum Finish,high,fruity|caramel|maritime|spicy
Glen Scotia Harbour,high,maritime|vanilla|fruity
Glen Scotia Heavily Peated Ribera Del Duero Finish,high,peated|smoky|fruity|spicy
Glen Scotia The Dragon,low,maritime|fruity|vanilla|honey
Glen Scotia The Mermaid,low,maritime|floral|fruity|vanilla
Glen Scotia Unpeated Fino Sherry Finish,high,sherry|nutty|maritime|citrus
Glen Scotia Victoriana,low,spicy|oak|fruity|maritime
Glenshiel,unknown,
Glen Spey Flora and Fauna,low,floral|fruity|vanilla
Glen Spey Vintage 1997,low,floral|fruity|vanilla
Glen Talloch,unknown,
Glentauchers Rare Stock,low,fruity|floral|vanilla
Glentauchers Ukrainian Virgin Cask,low,oak|spicy|vanilla
Glen Turner,low,vanilla|honey|fruity
Glen Turner Double Cask,low,vanilla|caramel|oak
Glen Turner + Glen Turner Triple Cask + Glen Turner Sherry Cask,unknown,
Glen Turner Heritage,low,vanilla|honey|caramel
Glen Turner Heritage Double Cask,low,vanilla|caramel|oak|fruity
Glen Turner Heritage Double Wood,low,vanilla|honey|oak
Glen Turner Rum Cask Finish,low,caramel|fruity|vanilla
Glen Turner Sherry Cask,low,sherry|fruity|spicy
Glen Turner Triple Cask,low,vanilla|honey|caramel|oak
Glenturret Peated,high,peated|smoky|oak|spicy
Gold Mill,unknown,
Gordon & MacPhail Ardmore 1998,low,peated|smoky|fruity
Gordon & MacPhail Bunnahabhain Connoisseurs Choice 1989,low,sherry|maritime|nutty|fruity
Gordon & MacPhail Bunnahabhain Discovery,low,maritime|sherry|fruity
Gordon & MacPhail Caol Ila Connoisseurs Choice 1991,high,peated|smoky|maritime|citrus
Gordon & MacPhail Caol Ila Discovery,high,peated|smoky|maritime|citrus
Gordon & MacPhail Connoisseurs Choice Caol Ila 2010,high,peated|smoky|maritime|citrus
Gordon & MacPhail Connoisseurs Choice Glenrothes 2007,low,sherry|fruity|honey
Gordon & MacPhail Glenrothes,low,sherry|fruity|honey
Gordon & MacPhail Inverleven Connoisseurs Choice 1989,unknown,
Gordon & MacPhail Ledaig Discovery,high,peated|smoky|maritime|fruity
Gordon & MacPhail Miltonduff Discovery,low,floral|fruity|vanilla
Gordon & MacPhail Mortlach,high,sherry|fruity|oak|nutty
Gordon&MacPhail Smith's Glenlivet 1955 Rare Vintage,unknown,
Gordon & MacPhail Speymalt Macallan 2001,high,sherry|chocolate|fruity|spicy
Gordon & MacPhail Strathisla 1949,low,sherry|fruity|honey
Gordon & MacPhail Tamdhu Private Collection 1972,high,sherry|fruity|spicy|oak
Grace O'Malley,low,honey|vanilla|fruity|oak
Grace O'Malley Dark Char Cask,high,caramel|oak|vanilla|spicy
Grace O'Malley Independence Edition,unknown,
Grace O'Malley Maritime Cask,low,maritime|vanilla|oak
Grace O'Malley Rum Cask,low,fruity|honey|caramel
Grace O'Malley Stout Cask,low,chocolate|caramel|nutty
Grand Grizzly,low,caramel|vanilla|spicy
Grand Moldaviens,low,spicy|vanilla|fruity
Grants,high,honey|vanilla|floral|spicy
Grant's Ale Cask,low,honey|nutty|caramel
Grant's Ale Cask Reserve,low,honey|nutty|oak
Grant's Family Reserve,high,honey|vanilla|floral|spicy
Grants Rum Cask,low,fruity|caramel|vanilla
Grant's Rum Cask Blend,low,fruity|caramel|vanilla
Grant's Sherry Cask,low,sherry|fruity|spicy
Grants Summer Orange,low,citrus|vanilla|floral
Grant's Triple Wood,high,vanilla|sherry|oak|honey
Grant's Triple Wood Smoky,high,smoky|vanilla|sherry|oak
Grants Tropical Fiesta,low,fruity|vanilla|caramel
Grants Winter Desert,low,caramel|spicy|vanilla
Grant's Winter Dessert,low,caramel|spicy|vanilla
Gravediggers,low,vanilla|caramel|fruity
Great Barrel,unknown,
Great Oaks,unknown,
Great Oaks Single Cask,unknown,
Green Label Johnnie Walker,high,fruity|honey|smoky|spicy
Green Spot,high,fruity|spicy|honey|oak
Greign,low,caramel|honey|fruity
Gwalarn,low,maritime|floral|oak
Hakushu,high,citrus|floral|fruity|oak
Hakushu Distiller's Reserve,high,citrus|floral|fruity|vanilla
Hankey Bannister,low,honey|fruity|floral
Hankey Bannister Heritage,low,sherry|honey|oak
Hankey Bannister Original,low,honey|fruity|vanilla
Hankey Bannister Regency,low,honey|oak|spicy
Haran Finished in Cider Cask,low,fruity|floral|oak
Haran Finished in Porto Cask,low,fruity|oak|spicy
Haran Finished in Sherry Cask,low,sherry|fruity|oak
Haran Original Casks Selection,unknown,
Haran Original Small Batch Reserve,unknown,
Haran Traditional Iberian Oak,low,oak|spicy|vanilla
Hardenberg,unknown,
Hardenberg Straight Malt,unknown,
Hart Brothers,unknown,
Hart Brothers Balmenach,low,sherry|fruity|spicy
Hart Brothers Benriach,low,fruity|honey|vanilla
Hart Brothers Bowmore Vintage,low,peated|maritime|floral
Hart Brothers Brackla,low,floral|fruity|spicy
Hart Brothers Bruichladdich Vintage,low,floral|fruity|maritime
Hart Brothers Caol Ila Vintage,low,peated|smoky|maritime
Hart Brothers Craigellachie,low,nutty|spicy|oak
Hart Brothers Dalmore,low,sherry|citrus|chocolate
Hart Brothers Girvan,low,vanilla|caramel
Hart Brothers Glenburgie,low,floral|honey|vanilla
Hart Brothers Glengoyne,low,honey|nutty|oak
Hart Brothers Glen Moray,low,fruity|floral|vanilla
Hart Brothers Glen Ord,low,fruity|spicy|nutty
Hart Brothers Glen Scotia Vintage,low,maritime|nutty|oak
Hart Brothers Glen Spey Vintage,low,floral|fruity|citrus
Hart Brothers Glentauchers Sherry Wood,low,sherry|fruity|spicy
Hart Brothers Inchmurrin Port Pipe,low,fruity|spicy|chocolate
Hart Brothers Islay Peated,low,peated|maritime|oak
Hart Brothers Longmorn,low,fruity|honey|nutty
Hart Brothers Port Fin,low,fruity|caramel|spicy
Hart Brothers Sherry Finish,low,sherry|fruity|spicy
Hart Brothers Speyburn,low,honey|vanilla|citrus
Hart Brothers Tobermory Vintage,low,maritime|fruity|nutty
Hart Brothers Tomatin,low,fruity|vanilla|floral
Hart Brothers Tullibardine,low,fruity|vanilla|honey
Hatozaki,high,fruity|honey|floral|citrus
Hatozaki Kaikyo,low,honey|vanilla|oak|fruity
Hatozaki Triple Cask Reserve,low,sherry|vanilla|oak
Heaven Hill,high,caramel|vanilla|oak|spicy
Heaven Hill Brands Rittenhouse,high,spicy|oak|caramel
Heaven Hill Distilleries Evan Williams Cherry,high,fruity|vanilla|caramel
Heaven Hill Distilleries Evan Williams Fire,high,spicy|vanilla|caramel
Heaven Hill Distilleries Evan Williams Honey,high,honey|vanilla|caramel
Heaven Hill Old Style,low,caramel|vanilla|spicy
Heaven Hill Rittenhouse,high,spicy|caramel|oak
Heaven Hill Rittenhouse Distilleries Evan Williams,low,caramel|vanilla|oak
Heaven's Door Double Barrel,low,caramel|oak|spicy
Heaven's Door Tennessee,low,vanilla|caramel|smoky
Hellyers Road Original Roaring s Tasmania,low,fruity|vanilla|oak
Helsinki,unknown,
Hepburn's Choice Benrinnes,low,sherry|spicy|oak
Hepp Tharcis Alsacien,unknown,
Hiberum Saboga,unknown,
Hiberum Saboga 2024,unknown,
Hibiki Harmony,high,floral|honey|fruity|citrus
Hibiki Japanese Harmony Suntory,high,floral|fruity|vanilla|honey
High Commissioner,unknown,
Highiland Baron,unknown,
Highland Baron,unknown,
Highland Chief,unknown,
Highland Mist,unknown,
Highland Park,high,peated|honey|floral|maritime
Highland Park Alc-hem-ist,low,honey|floral|smoky
Highland Park Dragon Legends,low,sherry|chocolate|spicy
Highland Park Harald,low,sherry|spicy|oak
Highland Park Land of Orkney,low,honey|sherry|floral
Highland Park Ukraine #1,low,honey|maritime|floral
Highland Park Vintage 1996,low,sherry|honey|oak
Highland Queen,unknown,
Highland Queen Sherry Cask Finish,low,sherry|fruity|oak
Hinch,low,honey|vanilla|floral
Hinch Distillers Cut,low,honey|oak|spicy
Hinch Double Wood,low,honey|sherry|vanilla
Hinch Oloroso Sherry Finish,low,sherry|fruity|spicy
Hinch Peated,high,peated|smoky|vanilla
Hinch Sherry Finish,low,sherry|honey|oak
Hinch Small Batch,low,honey|vanilla|citrus
Hinotori,unknown,
House of Maclair Ian Macleod,unknown,
Hungry Hill,low,honey|vanilla
Hunter Laing Old & Rare Tullibardine,low,fruity|honey|vanilla
Hunting Lodge,unknown,
Hyde,low,honey|floral|vanilla
Hyde 7 Sherry Cask,low,sherry|fruity|vanilla
Hyde Bandon Blend,low,honey|vanilla|caramel
Hyde Bourbon Cask Matured,low,bourbon-cask|vanilla|honey
Hyde Cask Strength Bourbon Cask Finish,low,bourbon-cask|vanilla|spicy
Hyde Cask Strength Sherry Cask Finish,low,sherry|spicy|oak
Hyde No.11 1949 Peated,low,peated|smoky|oak
Hyde №11 1949 Peated,low,peated|smoky|oak
Hyde №11 Peated 1949,low,peated|smoky|oak
Hyde №11 Peated Bourbon Finish,low,peated|bourbon-cask|vanilla
Hyde No.12 1893,low,spicy|fruity|honey
Hyde №12 Sherry Finish,low,sherry|spicy|fruity
Hyde №3 1916,low,vanilla|caramel|oak
Hyde №3 Limited Edition,low,vanilla|caramel|floral
Hyde №4,low,honey|vanilla|oak
Hyde №4 Rum Finish,low,fruity|honey|vanilla
Hyde №5 1860,low,vanilla|honey
Hyde №6 1938,low,vanilla|caramel
Hyde №7 President's Cask Sherry Finish,low,sherry|fruity|oak
Hyde No.9 1906,low,fruity|vanilla
Hyde №9 1906,low,fruity|vanilla
Hyde №9 Iberian Cask Tawny Port Finish,low,fruity|chocolate|oak
Hyde Sherry Cask Finish,low,sherry|fruity|nutty
Ian Macleod Distillers Isle of Skye,low,maritime|spicy|honey
Ichiro's Malt&Grain,high,fruity|honey|vanilla|floral
Imperial Imperial 1995,low,honey|fruity|oak
Inchgower,low,maritime|honey|oak
Inchgower Flora&Fauna,low,maritime|honey|oak
Islay Barley Bruichladdich,high,floral|citrus|oak|vanilla
Islay Barley Bruichladdich 2012,high,floral|citrus|vanilla
Islay Barley Bruichladdich Port Charlotte,low,peated|smoky|maritime|oak
Islay Barley Port Charlotte Bruichladdich,low,peated|smoky|maritime
Islay Mist,high,peated|smoky|honey
Islay Mist Deluxe,high,peated|smoky|oak|honey
Islay Mist Original,high,peated|smoky|honey|caramel
Islay Mist Original Peated Blend,high,peated|smoky|maritime
Isle of Harris The Hearach,low,peated|maritime|fruity|floral
Isle of Jura,low,honey|floral|maritime
Isle of Jura 212 Two-one-Two,unknown,
Isle of Jura French Oak,low,oak|vanilla|spicy
Isle of Jura Red Wine,low,fruity|oak|spicy
Isle of Jura Rum Cask,low,fruity|honey|vanilla
Isle of Jura Seven Wood,low,oak|vanilla|caramel
Isle of Jura Winter Edition Box,low,spicy|oak|caramel
Isle of Skye,low,honey|oak|spicy
Jack&Coke Jack Daniel's,high,vanilla|caramel
Jack Daniels,high,vanilla|caramel|oak|spicy
Jack Daniel's Blackberry,high,fruity|caramel|vanilla
Jack Daniel's Bonded,high,spicy|oak|vanilla|caramel
Jack Daniel's & Coca-Cola,high,vanilla|caramel
Jack Daniel's Gentleman Jack,high,vanilla|caramel|floral
Jack Daniel's Honey,high,honey|vanilla|caramel
Jack Daniel's McLaren Edition,low,vanilla|caramel|oak
Jack Daniel's Old,high,vanilla|caramel|oak
Jack Daniel's Old No.7,high,vanilla|caramel|oak|spicy
Jack Daniel's Single Barrel,high,oak|spicy|caramel|vanilla
Jack Daniel's Tennessee Apple,high,fruity|caramel|vanilla
Jack Daniel's Tennessee Blackberry,high,fruity|caramel|vanilla
Jack Daniel's Tennessee Fire,high,spicy|caramel|vanilla
Jack Daniel's Tennessee Honey,high,honey|vanilla|caramel
Jack Daniel's Tennessee Old No.7,high,vanilla|caramel|oak
Jack Daniel's Tennessee Old №7,high,vanilla|caramel|oak|spicy
Jack Daniel's Triple Mash,high,spicy|caramel|oak|vanilla
James E. Pepper Batch 1,low,spicy|caramel|vanilla
James Kilton,unknown,
James King,unknown,
Jameson,high,fruity|floral|vanilla|spicy
Jameson Black Barrel,high,oak|vanilla|spicy|caramel
Jameson Caskmates,high,chocolate|caramel|vanilla
Jameson Caskmates IPA,high,citrus|spicy|floral
Jameson Caskmates IPA Edition,high,citrus|spicy|floral
Jameson Caskmates Stout Edition,high,chocolate|caramel|vanilla
Jameson Crested,low,fruity|honey|spicy|oak
Jameson Limited Reserve,low,fruity|oak|spicy
Jameson Orange,high,citrus|vanilla|caramel
Jameson Stout Edition,high,chocolate|caramel|vanilla
Jameson Triple Distilled,high,fruity|floral|vanilla
Jameson Triple Triple,high,sherry|vanilla|oak|spicy
James Wyld,unknown,
James Wyld Sherry Cask,low,sherry|fruity|oak
Japanese Muteki,unknown,
J&B Rare,high,floral|citrus|honey
Jefferson's,high,caramel|vanilla|oak
Jefferson's Ocean,high,maritime|caramel|oak|vanilla
Jericho Classic Selection The Lost Distillery,low,honey|floral|oak
Jericho Vintage Selection The Lost Distillery,low,honey|spicy|oak
Jim Bardett,unknown,
Jim Beam,high,spicy|oak|vanilla
Jim Beam Apple,high,fruity|caramel|vanilla
Jim Beam Black,high,caramel|vanilla|oak
Jim Beam Black Extra Aged,high,caramel|vanilla|oak
Jim Beam Devil's Cut,high,oak|caramel|vanilla
Jim Beam Double Oak,high,oak|vanilla|caramel
Jim Beam Honey,high,honey|vanilla|caramel
Jim Beam Peach,high,fruity|vanilla|caramel
Jim Beam Red Stag Black Cherry,high,fruity|vanilla|caramel
Jim Beam Red Starg,high,fruity|vanilla|caramel
Jim Beam Sunshine,unknown,
Jim Beam White,high,vanilla|caramel|oak
Jim Beam White Kentucky Staright,high,vanilla|caramel|oak
Jimsher Цинандалі,unknown,
Joe Got a Gun 20 Barrels Selection Batch 1,unknown,
Joe Got a Gun Single Barrel,unknown,
John Barr,low,honey|caramel|oak
John Barr Reserve,low,honey|oak|spicy
John Crabbie,low,honey|floral|oak
John Lee Straight American Old Reserve,unknown,
Johnnie Walker Black Label,high,smoky|honey|sherry|oak
Johnnie Walker Black label Icon,high,smoky|honey|oak
Johnnie Walker Blue Label,high,honey|fruity|oak|spicy
Johnnie Walker Blue label King George V,high,honey|fruity|sherry|oak
Johnnie Walker Blue Label Limited Edition,high,honey|fruity|vanilla|oak
Johnnie Walker Blue label Lunar NY Limited Edition Of The Snake,high,honey|caramel|oak|fruity
Johnnie Walker Double Black,high,smoky|oak|caramel
Johnnie Walker Gold Label Reserve,high,honey|vanilla|fruity|caramel
Johnnie Walker Gold Reserve,high,honey|vanilla|fruity
Johnnie Walker Gold Reserve Icon,high,honey|vanilla|caramel
Johnnie Walker Green Label,high,peated|smoky|maritime|fruity
Johnnie Walker Red Label,high,spicy|caramel|smoky
Johnnie Walker Red label Icon,high,spicy|caramel|smoky
Johnnie Walker Red Soul,low,spicy|caramel
Johnnie Walker XR,high,sherry|fruity|oak|spicy
Johnny Cree,unknown,
Johnny Drum Private Stock,high,oak|caramel|vanilla|spicy
Johnny Hepp Alsacien,unknown,
J.P. Wiser's Triple Barrel,high,caramel|vanilla|spicy|oak
J.P. Wiser's Tripple Barrel,high,caramel|vanilla|spicy
Jura,low,honey|floral|maritime
Jura Bourbon Cask,high,bourbon-cask|vanilla|honey|oak
Jura French Oak,low,oak|vanilla|spicy
Jura Journey,high,honey|vanilla|oak
Jura Journey + Jura + Jura,low,honey|vanilla|oak
Jura Journey + Jura + Jura Rum Cask Finish,low,honey|fruity|vanilla
Jura Red Wine,low,fruity|oak|spicy
Jura Red Wine Cask Finish,low,fruity|oak|spicy
Jura Rum Cask,low,fruity|honey|vanilla
Jura Rum Cask Finish,low,fruity|honey|vanilla
Jura Seven Wood,low,oak|vanilla|caramel
Jura Winter Edition,low,spicy|oak|caramel
Jura Winter Edition Sherry Cask Finish,low,sherry|spicy|oak
J&W Hardie Talisman,unknown,
Kamiki Original,low,floral|honey|vanilla
Karuizawa Artist #13 1999,low,sherry|fruity|spicy|oak
Kavalan,high,fruity|honey|vanilla|oak
Kavalan Dastillery Select №1,high,fruity|honey|vanilla|bourbon-cask
Kavalan Distillery Select №1,high,fruity|honey|vanilla|bourbon-cask
Kavalan Distillery Select №2,high,sherry|fruity|chocolate|spicy
Kavalan Ex-Bourbon Oak,high,bourbon-cask|vanilla|caramel|oak
Kavalan Ex-Sherry Oak,high,sherry|fruity|caramel|oak
Kavalan King Car,low,honey|vanilla|caramel
Kavalan Lan,unknown,
Kavalan Podium,high,fruity|honey|vanilla|spicy
Kavalan Port Cask,high,fruity|caramel|spicy|oak
Kavalan Port Cask Finish,high,fruity|honey|spicy|oak
Kavalan Triple Sherry Cask,high,sherry|fruity|chocolate|caramel
Kavalan Triple Sherry Cask Taiwan,high,sherry|chocolate|caramel|oak
Kentucky Jack,unknown,
Kentucky Vintage,high,caramel|vanilla|oak|spicy
Kentucky Walker,unknown,
Kilbeggan,high,honey|vanilla|floral|oak
Kilbeggan Traditional,high,honey|floral|vanilla|caramel
Kilchoman Islay 14th Edition,low,peated|smoky|floral
Kilchoman Islay 15th Edition,low,peated|smoky|fruity
Kilchoman Loch Gorm,high,peated|smoky|sherry|fruity
Kilchoman Machir Bay,high,peated|smoky|vanilla|honey
Kilchoman New Oak Single Cask Finish,low,peated|smoky|oak
Kilchoman Port Cask Matured,low,peated|caramel|fruity
Kilchoman PX Sherry Cask Matured,low,peated|smoky|sherry
Kilchoman Sanaig,high,peated|smoky|sherry|nutty
Kilchoman Sauternes Cask Finish,low,peated|smoky|fruity|honey
Kilchoman Sherry Cask Matured,high,peated|sherry|honey|oak
Kilkerran,low,fruity|oak|maritime
Kilkerran Heavily Peated,high,peated|smoky|maritime|spicy
King Charles,low,caramel|vanilla|oak
King Robert II,low,caramel|honey|spicy
Kingsbarns,low,fruity|floral|vanilla
Kingsbarns Balcomie,high,fruity|floral|vanilla|honey
Kingsbarns Coaltown,unknown,
Kingsbarns Doocot,low,fruity|spicy|caramel
Kingsbarns Falkland,unknown,
Kirkcowan,unknown,
Knappogue Castle,high,fruity|honey|vanilla|floral
Knob Creek,high,spicy|oak|caramel|vanilla
Knob Creek Original,high,caramel|vanilla|oak|honey
Knockando,low,floral|honey|oak
Knockando Vintage 1994,low,floral|honey|fruity
Koriyama,unknown,
Koval Millet Single Barrel,low,floral|honey|spicy
Koval Rye Bottled in Bond Single Barrel,low,spicy|floral|oak
Koval Rye Single Barrel,low,spicy|floral|caramel
Koval Single Barrel,low,caramel|vanilla|floral
Kurayoshi,low,sherry|fruity|honey
Kurayoshi Sherry Cask,high,sherry|fruity|chocolate|spicy
Kyro Malt Rye,low,spicy|fruity|oak
Kyro Oloroso Malt Rye,low,sherry|spicy|fruity
Kyro Peat Smoke Malt Rye,high,peated|smoky|spicy
Kyro Sauna Stories №2 Apricot Brandy Cask Finish,low,fruity|spicy|honey
Kyro Wood Smoke Malt Rye,high,smoky|spicy|oak
Label 5,low,caramel|oak|spicy
Label 5 Bourbon Barrel,low,vanilla|oak|spicy
Label 5 Classic Black,low,caramel|honey|oak
Label 5 Gold Heritage,low,honey|fruity|oak
Label 5 Premium Black,low,caramel|vanilla|spicy
Label 5 Premium Black + Gold Heritage,low,caramel|fruity|oak
Lagavulin,high,peated|smoky|maritime|chocolate
Lagavulin Distillers Edition,high,peated|sherry|smoky|chocolate
Lagavulin Distillers Edition Double Matured,high,peated|sherry|smoky|chocolate
Lagavulin Distillers Edition Release 2023,high,peated|sherry|smoky|chocolate
Lagavulin Special Release 2021,low,peated|maritime|spicy
Lagavulin Special Release 2023,low,peated|smoky|nutty
Lagavulin Special Release 2025,low,peated|smoky|citrus
Lagg Corriecravie,high,peated|fruity|floral
Lagg Kilmory,high,peated|smoky|honey
Lagg Small Batch Palo Cortado Finish,high,peated|sherry|nutty
Lakes Galaxia,unknown,
Lakes Nostalgia,unknown,
Lakes Resfeber,unknown,
Lakes Signature,low,fruity|honey|oak
Lakes Whiskymakers Reserve No.7,unknown,
Lambertus Founders Reserve,unknown,
Laphroaig,high,peated|smoky|maritime|oak
Laphroaig Four Oak,high,peated|smoky|oak|vanilla
Laphroaig Lore,high,peated|smoky|sherry|maritime
Laphroaig Oak Select,high,peated|oak|vanilla|caramel
Laphroaig PX,high,peated|sherry|smoky|honey
Laphroaig Quarter Cask,high,peated|smoky|spicy|oak
Laphroaig Select,high,peated|smoky|vanilla|caramel
Laphroaig Vintage 1998,low,peated|maritime|oak
Lauder's,low,vanilla|caramel|floral
Lauder's Finest,low,honey|floral|oak
Ledaig,high,peated|smoky|maritime
Ledaig Oloroso Sherry,high,peated|sherry|maritime
Ledaig Sinclair Series Rioja Cask Finish,high,peated|fruity|maritime
Ledaig Triple Wood,high,peated|sherry|smoky|oak
Legendary Scot,unknown,
Leopold Bros Peach,high,fruity|honey|caramel
Ley Seca,unknown,
Lighthouse,unknown,
Lighthouse Peated,low,peated|smoky|maritime|caramel
Linkwood Refill,low,floral|fruity|oak
Loch Lomond,low,fruity|honey|vanilla
Loch Lomond Classic,low,fruity|caramel|vanilla
Loch Lomond Cooper's Collection,low,caramel|oak|spicy
Loch Lomond Distiller's Choice,low,vanilla|caramel|honey
Loch Lomond Distiller's Choice Coffey Still,low,vanilla|honey|floral
Loch Lomond Glenshiel Deluxe Highland,low,caramel|oak|honey
Loch Lomond Inchmoan,high,peated|fruity|oak
Loch Lomond Inchmurrin,high,fruity|floral|vanilla
Loch Lomond Oloroso Sherry Cask,high,sherry|fruity|chocolate
Loch Lomond Open Special Edition (Chardonnay cask),low,floral|citrus|fruity
Loch Lomond Original,low,fruity|vanilla|oak
Loch Lomond Peated,high,peated|smoky|caramel
Loch Lomond Peated Rioja Cask,high,peated|fruity|spicy
Loch Lomond Reserve,low,honey|oak|vanilla
Loch Lomond Signature,low,fruity|caramel|oak
Loch Lomond Single Cask,low,oak|spicy|fruity
Loch Lomond Steam & Fire,low,peated|spicy|oak
Loch Lomond The Open,low,fruity|floral|honey
Loch Lomond The Open Special Edition,low,honey|floral|oak
London Square,low,caramel|spicy|floral
Longbranch Wild Turkey,high,caramel|vanilla|oak|nutty
Longmorn,low,fruity|honey|oak
Longmorn Vintage 1991,low,fruity|sherry|oak
Longrow,high,peated|smoky|nutty|oak
Lord Elcho,low,fruity|honey|floral
Lord Elcho Premium,low,honey|fruity|oak
Lord Moisans,unknown,
Lossit Classic Selection The Lost Distillery,low,peated|maritime|floral
Lost Monarch Blend Redwood Empire,low,caramel|spicy|vanilla
Lot 40 Rye,high,spicy|fruity|oak|vanilla
Lothaire,unknown,
LOT NO. 40 Rye Copper Pot Distilled,high,spicy|fruity|caramel|oak
Lou Gal French,unknown,
Luxco The Quiet Man,low,vanilla|honey|oak|fruity
Luxco The Quiet Man Superior Irish Blend,low,honey|vanilla|oak
Macallan,high,sherry|fruity|chocolate|oak
Macallan A Night on Earth,high,sherry|fruity|spicy|vanilla
Macallan Classic Cut,high,sherry|caramel|fruity|oak
Macallan Fine & Rare 1937,low,sherry|oak
Macallan The Harmony Collection Amber Meadow,high,honey|floral|vanilla|oak
Macallan The Harmony Collection Intense Arabica,high,chocolate|spicy|oak|caramel
Macallan The Harmony Collection Phoenix Honey Orchid Tea,high,honey|floral|fruity|oak
MacArthur's,low,caramel|oak
Macduff,low,floral|fruity|oak
Macduff Bastardo,low,fruity|spicy|oak
Macduff Koval,low,spicy|nutty|oak
Macduff - The First Editions,unknown,
Macduff Tokay,low,fruity|honey|oak
Machrie Moor,high,peated|smoky|fruity|oak
Machrie Moor Cask Strength,high,peated|smoky|oak|spicy
MacIntyre's Drop,unknown,
Mackmyra Bjorksav,low,fruity|floral|oak
Mackmyra Moment Tolv,low,fruity|spicy|vanilla
Mac-Talla Flora Lightly Peated Morrison,high,peated|smoky|floral|fruity
Mac-Talla Flora Peated,high,peated|smoky|floral|maritime
Mac-Talla Mara Cask Strength Morrison,high,peated|smoky|maritime|oak
Mac-Talla Strata Morrison,high,peated|smoky|oak|spicy
Mac-Talla Terra Classic Morrison,high,peated|smoky|oak|nutty
Maen,unknown,
Maison Des Futailles Spicebox,high,spicy|caramel|vanilla|oak
Maison des Futailles Spicebox Canadian Spiced,high,spicy|caramel|vanilla
Maison des Futailles Spicebox Chocolat,high,chocolate|spicy|caramel
Maison des Futailles Spicebox Cinnamon,high,spicy|caramel|honey
Maison des Futailles Spicebox Ginger Bread,high,spicy|caramel|nutty
Maison des Futailles Spicebox Pumpkin,high,spicy|vanilla|nutty
Maker's Mark,high,vanilla|caramel|oak|honey
Maker's Mark 46,high,vanilla|caramel|oak|spicy
Malt,unknown,
Malt B,unknown,
Maltbarn Ben Nevis 2012,low,fruity|oak|nutty
Maltbarn Blair Athol 1988,low,sherry|fruity|oak
Maltbarn Craigellachie 2007,low,sherry|nutty|oak
Maltbarn Inchgower 1997,low,maritime|oak|fruity
Malt & Grain,unknown,
Manhattan,unknown,
Mannochmore,low,floral|fruity|oak
Mannochmore Flora and Fauna,high,floral|fruity|vanilla
Marc de Champagne,unknown,
Mars Cosmo,low,fruity|floral|oak
Mars Cosmo Manzanilla Cask Finish,high,sherry|nutty|citrus
Mars Cosmo Wine Cask Finish,high,fruity|spicy|oak
Mars Kasei,low,fruity|oak|vanilla
Mars Komagatake 2022,low,fruity|oak|spicy
Mars Komagatake Edition 2019,low,fruity|vanilla|oak
Mars Komagatake Shinshu Aging #3989,low,fruity|honey|oak
Mars The Y.A #1,unknown,
Mars Tsunuki,low,fruity|honey|vanilla
Mars Tsunuki Peated,high,peated|smoky|fruity
Mars Tsunuki Yakushima Aging #2082,low,fruity|caramel|oak
Masahiro Oloroso Sherry Cask,low,sherry|fruity|oak
Mash Cut,unknown,
Masterson's,high,spicy|oak|nutty
Masthouse Column Distilled,low,citrus|oak
Matsui Mizunara Cask,high,spicy|oak|vanilla
Matsui The Peated,high,peated|smoky|oak
Matt D'Arcy,unknown,
McClelland's,unknown,
McConnell's,low,fruity|vanilla|oak
McConnell's Restoring the Legend,low,fruity|vanilla|oak
McConnell's Sherry Cask,high,sherry|fruity|oak
McConnell's Sherry Cask Finish,high,sherry|fruity|oak
McGibbon's Ribbon,unknown,
McIvor,unknown,
McIvor Finest,unknown,
McKintrye's Club & Casino,unknown,
Meikle Toir The Chinquapin,low,vanilla|spicy|oak
Meikle Toir The Original,unknown,
Meikle Toir The Sherry,low,sherry|fruity|oak
Mellow Corn,high,caramel|vanilla|oak
Method and Madness,low,oak|spicy|vanilla
M&H Elements,low,fruity|honey|oak
M&H Elements Peated Malt,high,peated|smoky|oak
M&H Elements Red Wine Cask,high,fruity|spicy|oak
M&H Elements Sherry Cask,high,sherry|fruity|oak
Michter's,high,spicy|oak|honey
Michter's Barrel Strength Rye,high,spicy|nutty|vanilla
Michter's Sour Mash,high,caramel|vanilla|spicy
Michter's Unblended,low,vanilla|oak|honey
Midleton Barry Crockett,high,fruity|vanilla|oak|spicy
Midleton Barry Crockett Legacy,high,fruity|vanilla|oak|spicy
Midleton Very Rare,high,fruity|vanilla|honey|oak
Midleton Very Rare 40th Anniversary,low,fruity|vanilla|oak
Midleton Very Rare Barry Crockett Legacy,high,fruity|vanilla|oak|spicy
Miltonduff 1990 - The First Editions,low,fruity|floral|oak
Miltonduff Vintage 1990,low,fruity|floral|oak
Minor Case Rye Sherry Cask Finish,high,sherry|spicy|fruity
Misaki,unknown,
Mitchells Green Spot,high,fruity|spicy|oak|vanilla
Mitchell&Son Yellow Spot,high,fruity|spicy|oak
Mitchells Yellow Spot,high,fruity|spicy|oak
Mizen Head,unknown,
Monkey Shoulder,high,honey|vanilla|fruity|oak
Monkey Shoulder Smokey,high,smoky|peated|honey|vanilla
Monkey Shoulder Smokey Monkey,high,smoky|peated|honey|vanilla
Monologue Tomintoul,low,floral|honey|oak
Moonshine Runners,unknown,
Morris,low,fruity|caramel|oak
Morris Muscat Barrel,high,fruity|honey|floral
Morrison&Mackay Old Perth Original,low,sherry|fruity|oak
Morris Port Barrel,high,fruity|chocolate|oak
Morris Sherry Barrel,high,sherry|nutty|oak
Morris Smoked Muscat Barrel,high,peated|smoky|honey|fruity
Morris Tokay Barrel,high,honey|fruity|caramel
Mortlach,high,sherry|fruity|nutty|oak
Mortlach Vintage 1991,low,sherry|nutty|fruity
Mortlach Vintage 1996,low,sherry|spicy|oak
Mossburn Island,low,maritime|fruity|floral
Mossburn №1 Vintage Casks,unknown,
Mossburn Speyside,low,fruity|floral|honey
Mossburn Vintage Casks №11 Benrinnes,low,fruity|nutty|oak
Mossburn Vintage Casks №16 Mannochmore,low,floral|fruity|vanilla
Mossburn Vintage Casks No18 Fettercairn,low,fruity|honey|oak
Mossburn Vintage Casks No 19 Glen Elgin,low,honey|floral|oak
Mossburn Vintage Casks No25 Ardmore,low,peated|smoky|oak
Mossburn Vintage Casks No26 Glenrothes,low,sherry|fruity|spicy
Mossburn Vintage Casks №8 Dufftown,low,nutty|fruity|oak
Murray McDavid Air Leth (Bowmore Caol ila Laphroaig North British) 1988,high,peated|smoky|maritime|oak
Murray McDavid Alainn (Bowmore Laphroaig) 1989 Sherry,high,peated|smoky|sherry|maritime
Murray McDavid Cult of Islay (Bowmore Laphroaig North British) 1989 Sherry,high,peated|smoky|sherry|fruity
Murray McDavid Loch Ile (Bowmore Laphroaig Loch Lomond) 1996 1st fill Madeira,high,peated|smoky|fruity|maritime
Muteki,unknown,
Naked Grouse,high,sherry|fruity|oak|spicy
Naked Malt Highland Distillers,low,sherry|honey|fruity
Nc'nean Organic,low,floral|fruity|citrus
Neidhal,unknown,
New Riff Bottled in Bond,high,spicy|oak|caramel|citrus
New Riff Malted Rye,low,floral|spicy|vanilla
New Riff Single Barrel Strength,low,caramel|oak|spicy
New York Distilling Company Rye Batch,low,spicy|oak
Nikka Coffey Grain,high,vanilla|caramel|bourbon-cask|fruity
Nikka Coffey Malt,high,fruity|honey|floral|vanilla
Nikka Coffey Malt + Nikka Coffey Grain + Джин Nikka Coffey Gin,unknown,
Nikka Days,high,floral|fruity|vanilla
Nikka From The Barrel,high,spicy|caramel|oak|fruity
Nikka From The Barrel Extra Marriage,low,spicy|honey|oak
Nikka From The Barrel + Nikka Days + Nikka Taketsuru,unknown,
Nikka Frontier,unknown,
Nikka Miyagikyo,high,floral|fruity|honey
Nikka Miyagikyou,high,floral|fruity|honey
Nikka Nine Decades,low,sherry|oak|caramel
Nikka Super,low,fruity|caramel|vanilla
Nikka Super Rare Old,low,sherry|caramel|honey
Nikka Tailored,low,fruity|vanilla
Nikka Taketsuru,high,sherry|fruity|floral
Nikka Taketsuru Non Age,low,floral|honey|oak
Nikka The Grain,low,vanilla|caramel|oak
Nikka Yoichi,high,peated|smoky|maritime|sherry
Noah's Mill,high,caramel|vanilla|spicy|oak
Noble Rebel Hazelnut Harmony,unknown,
Noble Rebel Orchard Outburst,unknown,
Noble Rebel Smoke Symphony,unknown,
Nobushi,unknown,
North British,low,caramel|oak|honey
Oakeshott,unknown,
Oak & Palomino & Oxidation & Sitting,unknown,
Oban,high,maritime|citrus|honey|oak
Oban Distillers Edition,high,sherry|citrus|maritime|oak
Oban Little Bay,high,maritime|honey|oak|caramel
Oban Special Release 2023,low,maritime|citrus|oak
Oban Special Release 2025,low,maritime|honey|oak
O'Brian,unknown,
O'Brian Fauconnier,unknown,
Octomore 13.3,high,peated|smoky|citrus|vanilla
Octomore 15.2,high,peated|smoky|maritime|oak
Octomore 16.1,high,peated|smoky|vanilla|oak
Octomore 16.3,high,peated|smoky|fruity|oak
O'Dohertys,unknown,
Old Ballantruan,high,peated|smoky|oak|spicy
Old Barny,unknown,
Old Comber,low,spicy|fruity|oak
Old Glasgow,unknown,
Old Malt Cask Auchentoshan,low,floral|citrus|vanilla
Old Malt Cask Blair Athol,low,honey|sherry|spicy
Old Perth,low,sherry|fruity|spicy
Old Perth Cask Strength,low,sherry|spicy|oak
Old Perth Double Sherry Wood,low,sherry|chocolate|fruity
Old Perth Original,low,sherry|honey|caramel
Old Pulteney,high,maritime|honey|vanilla|bourbon-cask
Old Pulteney Coastal Series Pineau Des Charentes,low,maritime|fruity|floral
Old Pulteney Coastal Series Port Finish,low,maritime|fruity|oak
Old Pulteney Flotilla,low,maritime|honey|vanilla
Old Pulteney Flotilla 2010,low,maritime|caramel|oak
Old Pulteney Harbor,low,maritime|honey|bourbon-cask|vanilla
Old Pulteney Huddart,low,maritime|fruity|spicy
Old & Rare Allt-a-Bhainne Old&Rare,low,floral|vanilla|oak
Old & Rare Arran,low,fruity|vanilla|maritime
Old & Rare Bunnahabhain,low,sherry|honey|nutty
Old & Rare Dufftown,low,nutty|caramel|oak
Old & Rare Glen Garioch,low,spicy|honey|oak
Old & Rare Glenturret,low,floral|honey|oak
Old & Rare Higland Park,low,honey|floral|peated
Old Smitty's,unknown,
Old Smuggler,low,caramel|vanilla|oak
Old Style White,unknown,
Old Tullymet,unknown,
Old Virginia,unknown,
Old Woody,unknown,
O'Liam,unknown,
O'Neills,unknown,
O'Neills Port Cask Finished,unknown,
O'Neills Rum Cask Finished,unknown,
O'Neills Smooth Blend,unknown,
Onikishi Deadly Sakura,unknown,
Onikishi Demon Knight,unknown,
Orange Jameson,high,citrus|vanilla|caramel
Original Scottish Leader,low,honey|vanilla|oak
Paddy,low,fruity|honey|vanilla
Paddy Old,low,oak|honey|spicy
Parker's Heritage Collection,low,caramel|spicy|fruity
Paul John,low,fruity|honey|spicy
Peat Chimney,high,peated|smoky|oak
Peat Chimney Wemyss Malts,high,peated|smoky|spicy
Peat's Beast Cask Strength,high,peated|smoky|maritime
Peat's Beast PX Sherry,high,peated|sherry|smoky
Peat's Beast Unchillfiltered,high,peated|smoky|caramel
Penderyn Celt,low,vanilla|fruity|oak
Penderyn Hiraeth,low,honey|vanilla|floral
Penderyn Legend,low,citrus|honey|vanilla
Penderyn Myth,low,fruity|citrus|vanilla
Penderyn Peated,high,peated|smoky|vanilla
Penderyn Small Batch Edition 2022,low,fruity|floral|oak
Penelope Barrel Strength,low,caramel|vanilla|spicy
Penelope Four Grain,low,caramel|spicy|fruity
Penelope Toasted,low,caramel|vanilla|oak
PennyPacker,unknown,
Pickup Truck,unknown,
Pike Creek,low,caramel|oak|vanilla
Pike Creek Finished in Rum Barrels,low,fruity|vanilla|caramel
Pikesville,high,spicy|oak|caramel
Pipe Dream Redwood Empire,low,vanilla|oak|honey
Platte Walley Corn,unknown,
Pokeno Discovery,unknown,
Pokeno Moscatel Cask,low,fruity|floral|honey
Pokeno Origin,unknown,
Pokeno Revelation,unknown,
Poli Segretario di Stato,unknown,
Port Askaig,high,peated|smoky|maritime
Port Cask American Virginia Distillery Company,low,fruity|chocolate|oak
Port Charlotte,high,peated|maritime|oak
Port Charlotte Bruichladdich,high,peated|smoky|oak
Port Charlotte Islay Barley,high,peated|smoky|citrus
Port Charlotte Scottish Barley,high,peated|smoky|spicy
Powers Gold Label,high,spicy|honey|vanilla
Powers John's Lane,high,sherry|bourbon-cask|spicy|fruity
Powers Three Swallow,low,honey|spicy|oak
Prologue Bourbon Casks,unknown,
Prologue Peated Small Batch №2,low,peated|smoky
Proper No. Twelve,high,vanilla|honey|caramel
Proper № Twelve,high,vanilla|honey|caramel
Proper Twelve Apple,high,fruity|vanilla|caramel
Puni,low,fruity|spicy|oak
Pure Kentucky XO,low,caramel|vanilla|oak
Quality House Old Style White,unknown,
Rabbit Hole Cavehill,low,fruity|caramel|oak|spicy
Rabbit Hole Heigold,low,honey|caramel|vanilla
Ragtime Rye,low,spicy|oak|caramel
Rare Breed Wild Turkey,high,spicy|caramel|vanilla|oak
Redbreast,high,sherry|fruity|spicy|nutty
Redbreast Cask Strength,high,sherry|spicy|oak|fruity
Redbreast Lustau,high,sherry|fruity|nutty|oak
Redbreast Lustau edition,high,sherry|nutty|fruity|honey
Redbreast Pedro Ximenez Edition,high,sherry|chocolate|fruity|spicy
Red Label Johnnie Walker,high,smoky|spicy|caramel|citrus
Red Label Scots Gold,low,caramel|spicy|oak
Remus Highest Rye,low,spicy|caramel|oak
Reservoir,low,spicy|oak
Reservoir Distillery Batch 1,unknown,
Restless Pony,unknown,
Restless Pony Original,unknown,
Rittenhouse Rye,high,spicy|oak|caramel
Robert Burns,low,fruity|honey|oak
Robert Burns Blend,low,fruity|caramel|oak
Roe & Co,low,vanilla|spicy|caramel
Roseisle Special Release 2024,low,fruity|vanilla|oak
Rowan's Creek,low,caramel|vanilla|oak
Rowan's Creek Kentucky,low,caramel|honey|oak
Royal Brackla,high,fruity|floral|oak|spicy
Royal Lochnagar,high,honey|floral|oak|fruity
Royal Lochnagar Vintage 1997,low,honey|oak|fruity
Royal Salute,high,sherry|honey|fruity|oak
Royal Salute 62 Gun Salute,high,sherry|fruity|caramel|oak
Royal Salute Chivas Regal,low,sherry|honey|vanilla|oak
Royal Salute The Miami Polo Edition,low,sherry|fruity|honey
Royal Salute The Polo Edition Rio,low,sherry|fruity|oak
Royal Stag Deluxe,low,caramel|vanilla|spicy
Rozelieures Rare Collection,low,fruity|floral|oak
Rozelieures Subtil Collection,low,fruity|floral|honey
Rum Extra Chivas Regal,low,fruity|honey|vanilla|caramel
Ruotker's Oloroso Sherry Cask,high,sherry|fruity|oak|spicy
Ruotker's Ruediger,unknown,
Saint Bernard,unknown,
Sam Barton,unknown,
Samuel Gelston's,low,honey|vanilla
Sazerac,high,spicy|oak|caramel
Scapa,high,fruity|honey|oak|vanilla
Scapa Glansa,high,peated|honey|fruity|vanilla
Scapa Skiren,high,fruity|vanilla|oak|honey
Scarabus,low,peated|smoky|maritime
Scarabus Batch Strength,low,peated|smoky|oak
Scots Earl,unknown,
Scots Gold,low,caramel|oak
Scots Gold Black Label,low,caramel|oak|nutty
Scots Gold Red Label,low,caramel|spicy|honey
Scottish Collie,unknown,
Scottish Deer,unknown,
Scottish Glory,unknown,
Scottish Leader,low,honey|caramel|oak
Scottish Leader Original,low,honey|oak|vanilla
Scottish Leader Sherry Cask,low,sherry|honey|oak
Scottish Piper Finest,unknown,
Scyfion Aultmore 2006,low,floral|honey|citrus
Scyfion Aultmore 2006 Tequila Cask,low,citrus|fruity|spicy
Scyfion Benriach 2008 Vin Santo Cask Finished,low,fruity|honey|oak
Scyfion Burnside 1999 Oksamyt of Ukraine Cask Finished,low,fruity|oak|spicy
Scyfion Caol Ila 2007 Banyuls Cask Finished,low,peated|maritime|fruity|smoky
Scyfion Dailuaine 2007,low,sherry|nutty|oak
Scyfion Dailuaine 2007 Calvados Cask,low,fruity|spicy|caramel
Scyfion Dufftown 2008 Armagnac Cask,low,fruity|nutty|spicy
Scyfion Fettercairn 2007 Dalmatian Prosek Cask Finished,low,fruity|honey|floral
Scyfion Glenburgie 2008 Beykush Wine Cask Finished,low,floral|honey|fruity
Scyfion Secret Speyside 2003 Grappa Cask,low,fruity|nutty|oak
Seagram's Royal Stag Deluxe,low,caramel|vanilla|honey
Secret Orkney Lacryma Christi,low,fruity|honey|oak
Secret Orkney Madera,low,fruity|nutty|oak
Secret Orkney Refill Sherry,low,sherry|fruity|oak
Sexton,high,sherry|fruity|vanilla|oak
Shackleton,low,honey|vanilla|smoky
Shefford Manor Old,unknown,
Shenk's Homestead Sour Mash,low,caramel|vanilla|spicy
Shinobu,low,fruity|floral|oak
Shinobu Mizunara,low,fruity|oak|spicy
Sierra Norte Black Corn Single Barrel Mexican,low,nutty|caramel|oak
Sierra Norte White Corn Single Barrel Mexican,low,vanilla|honey|floral
Sierra Norte Yellow Corn Single Barrel Mexican,low,caramel|vanilla|oak
Signatory Ardbeg Symington's Choice 1991,high,peated|smoky|maritime|oak
Signatory Ardmore 100 Proof,low,peated|spicy|oak
Signatory Ardmore Unchillfiltered,low,peated|spicy|honey
Signatory Ben Nevis 100 Proof Heavily Peated,high,peated|smoky|oak
Signatory Ben Nevis Unchillfiltered,low,fruity|nutty|oak
Signatory Benrinnes 100 Proof,low,sherry|nutty|oak
Signatory Blair Athol Cask Strength,low,sherry|honey|oak
Signatory Caol Ila 100 Proof,high,peated|maritime|citrus
Signatory Caol Ila Cask Strength,high,peated|maritime|oak
Signatory Caperdonich Cask Strength,low,fruity|floral|oak
Signatory Edradour Unchillfiltered,low,sherry|fruity|oak
Signatory Glenallachie Small Batch,low,sherry|nutty|fruity
Signatory Glenlivet Cask Strength,high,floral|fruity|honey
Signatory Glen Ord 100 Proof,low,nutty|sherry|spicy
Signatory Glen Ord Cask Strength,low,nutty|spicy|oak
Signatory Glentauchers 100 Proof,low,fruity|floral|honey
Signatory Inchgower 100 Proof,low,maritime|spicy|oak
Signatory Inchgower Cask Strength,low,maritime|spicy|nutty
Signatory Ledaig 100 Proof,high,peated|smoky|honey
Signatory Linkwood 100 Proof,low,floral|citrus|oak
Signatory Macallan Symington's Choice 1997,high,sherry|fruity|oak|chocolate
Signatory Macduff 100 Proof,low,nutty|oak|spicy
Signatory Mortlach Symington's Choice 2008,low,sherry|nutty|oak|spicy
Signatory North British Unchillfiltered,low,vanilla|caramel|oak
Signatory Orkney Cask Strength,low,honey|floral|oak
Signatory Orkney (HP) 100 Proof,high,peated|honey|floral|oak
Signatory Port Dundas Unchillfiltered,low,vanilla|honey|oak
Signatory Speyside (M) Small Batch,low,fruity|honey
Signatory Speyside (TAM) Small Batch,low,floral|fruity|oak
Signatory Springbank Symington's Choice 1989,high,peated|maritime|fruity|oak
Signatory Staoisha Unchillfiltered,low,peated|maritime|nutty
Signatory Teaninich Unchillfiltered,low,citrus|floral|oak
Signatory Unnamed Orkney,low,honey|floral|vanilla
Signatory Unnamed Speyside,low,fruity|caramel|oak
Single Barrel Jack Daniel's,high,caramel|vanilla|spicy|oak
Singleton of Dufftown Malt Master's Selection,high,honey|chocolate|fruity|oak
Singleton of Glen Ord,high,nutty|spicy|fruity|oak
Sir Park,unknown,
Sir Pitterson,unknown,
Sir Pitterson Premium,unknown,
Skrewball Peanut Butter,high,nutty|caramel|vanilla
Slaur Sardet Glen Scanlan,unknown,
Slaur Sardet River Queen,unknown,
Smokehead,high,peated|smoky|maritime|spicy
Smokehead High Voltage,high,peated|smoky|maritime
Smokehead Rum Cask Rebel,high,peated|smoky|fruity
Smokehead Rum Rebel,high,peated|smoky|maritime|fruity
Smokehead Rum Riot,high,peated|smoky|fruity|caramel
Smokehead Sherry Cask Blast,high,peated|smoky|sherry|oak
Smokehead Terminado Tequila Finish,high,peated|smoky|citrus|oak
Smokehead Twisted Stout,high,peated|smoky|chocolate|oak
Smokey Joe,high,peated|smoky|maritime|citrus
Smoky Black The Famous Grouse,high,peated|smoky|oak|caramel
Sober Spirits,unknown,
Speaker,unknown,
Spearhead,unknown,
Speciality Drinks Speyside Marriage of cask,low,fruity|honey
Speciality Drinks Teaninich,low,floral|citrus
Spey,low,fruity|floral
Spey Beinn Dubh,low,fruity|spicy
Speyburn,high,fruity|honey|vanilla
Speyburn Bourbon Cask,high,bourbon-cask|vanilla|honey
Speyburn Bradan Orach,high,honey|vanilla|floral
Speyburn Rum Cask Finish,low,fruity|caramel
Speyburn Speyside Burbon Cask,low,bourbon-cask|vanilla
Spey Chairman's Choice,low,fruity|sherry
Spey Fumare,high,peated|smoky|spicy
Speyside,low,fruity|floral
Spey Tenne,high,sherry|spicy|fruity
Spey Trutina,low,fruity|sherry
Spicebox Cinnamon,high,spicy|caramel|vanilla
Spicebox Pumpkin,high,spicy|caramel|vanilla
Spicebox Spiced,high,spicy|vanilla|caramel
Spice King,low,spicy|vanilla
Spice King Wemyss Malts,high,spicy|sherry|fruity
Spice Monkey,low,spicy
Spirit of Voodoo Blood Moon,unknown,
Spirit of Voodoo Mask of Death II,unknown,
Spirit of Voodoo The Dancing Cultist II,unknown,
Springbank,high,peated|maritime|fruity|oak
Stag Hunter Special Reserve,unknown,
Star&Stripes,unknown,
Starward Left-Field Australian,high,fruity|spicy|oak
Stateless,low,vanilla|caramel
Stateless Banana,high,fruity|vanilla|caramel
Stateless Banana Flavored,high,fruity|vanilla|caramel
Stateless Green Apple,high,fruity|vanilla
Stratheden Classic Selection The Lost Distillery,low,floral|honey
Stronachie,low,fruity|honey
Suntory AO,low,fruity|floral
Suntory Chita,high,vanilla|caramel|floral
Suntory Hakushu,high,smoky|citrus|floral
Suntory Hakushu Distiller's Reserve,high,smoky|fruity|citrus
Suntory Hibiki Japanese Harmony,high,floral|honey|fruity
Suntory Toki,high,fruity|honey|spicy
Suntory Toki Box,high,fruity|honey|citrus
Suntory Yamazaki,high,fruity|oak|spicy
Symington's,low,sherry|honey|spicy
Take It to the Brig,high,sherry|chocolate|oak|spicy
Talisker,high,peated|maritime|spicy|smoky
Talisker Dark Storm,high,peated|smoky|maritime|oak
Talisker Distillers Edition,high,peated|maritime|sherry|spicy
Talisker Distillers Edition 2023,high,peated|maritime|sherry|fruity
Talisker NAD Special Release 2023,low,peated|maritime|oak
Talisker Port Ruighe,high,peated|maritime|fruity|spicy
Talisker Skye,high,peated|maritime|vanilla|smoky
Talisker Special Release 2024,low,peated|maritime|spicy
Talisker Special Release 2025,low,peated|maritime|caramel
Talisker Storm,high,peated|smoky|maritime|caramel
Talisker Surge,high,peated|maritime|honey|spicy
Tamdhu,high,sherry|fruity|chocolate|spicy
Tamdhu Batch Strength,high,sherry|fruity|chocolate|oak
Tamdhu Distinction Limited Edition 02,low,sherry|chocolate
Tamnavulin,low,fruity|floral|honey
Tamnavulin Cabernet Sauvignon Cask,low,fruity|spicy
Tamnavulin Double Cask,high,fruity|honey|sherry
Tamnavulin German Pinot Noir,low,fruity|oak
Tamnavulin German Pinot Noir Cask Finish,low,fruity|spicy
Tamnavulin Grenache Cask,low,fruity|caramel
Tamnavulin Oloroso Cask,low,sherry|nutty
Tamnavulin Red Wine Cask Edition,low,fruity|oak
Tamnavulin Sauvignon Blanc Cask,low,fruity|citrus
Tamnavulin Sherry Cask,low,sherry|fruity|nutty
Tamnavulin Sherry Cask Edition,low,sherry|spicy
TBWC Aberlour Batch 8,low,sherry|honey|nutty
TBWC Allt-a-Bhainne Batch 8,low,floral|fruity
TBWC Arran,low,fruity|maritime|vanilla
TBWC Ben Nevis,low,fruity|oak|nutty
TBWC Campbeltown,low,maritime|oak|fruity
TBWC Corowa,unknown,
TBWC Dalmunach,low,fruity|citrus
TBWC Glengoyne (Batch 2),low,sherry|honey|spicy
TBWC Glen Grant,low,fruity|floral
TBWC Glenrothes,low,sherry|honey|citrus
TBWC Highland Park,low,peated|honey|floral
TBWC Speyside #8,low,fruity|honey
Teacher's,high,smoky|oak|caramel
Teacher's Highland Cream,high,smoky|honey|oak
Teaninich Bourbon Hogshead The Yellow Edition,low,floral|citrus|vanilla
Teaninich Flora and Fauna,low,floral|citrus
Teaninich Kokur,low,floral|fruity
Teeling,high,fruity|spicy|honey
Teeling Amber Ale,low,fruity|caramel
Teeling Belgian Ale,low,fruity|spicy
Teeling Blackpitts,high,peated|smoky|citrus
Teeling Crystal Malt,low,caramel|nutty
Teeling Dark Porter,low,chocolate|caramel
Teeling India Pale Ale,low,citrus|floral
Teeling Japanese Edition,low,spicy|oak
Teeling Rioja Wine Cask,low,fruity|spicy
Teeling Small Batch,high,fruity|honey|caramel
Teeling Stout Cask,high,chocolate|caramel|oak
Templeton Fortitude,low,vanilla|caramel
Templeton Rye,high,spicy|vanilla|caramel
Templeton Rye Barrel Strength,high,spicy|caramel|oak
Templeton Rye Finished in Tequila Casks,low,spicy|citrus
Templeton Rye Sherry Cask,low,spicy|sherry
Templeton Rye Signature Reserve,low,spicy|caramel
Templeton Rye Stout Cask,low,spicy|chocolate
Templeton Rye Stout Cask Finish,low,spicy|chocolate|caramel
Tenjaku,low,floral|fruity
Tenjaku Japan,low,floral|honey
Tenjaku Mizunara Cask,low,spicy|oak
Tenjaku Sherry Cask,low,sherry|nutty
The Ardmore Legacy,high,peated|smoky|vanilla
The Ardmore Legacy GB,high,peated|smoky|vanilla
The Balvenie Sweet Toast of American Oak,high,vanilla|caramel|honey
The Chita Suntory,high,vanilla|caramel|floral
The Classic Laddie Scottish Barley Bruichladdich,high,floral|citrus|honey
The Dalmore 2009 Vintage,low,sherry|chocolate|citrus
The Dalmore Cigar,high,sherry|chocolate|spicy
The Deacon,high,peated|smoky|citrus|fruity
The Dead Rabbit,high,vanilla|honey|caramel|spicy
The Deveron,low,fruity|floral
The English - Original,low,vanilla|spicy
The Epicurean Ruby Port Edition,high,fruity|floral|oak|caramel
The Epicurean Single Rivesaltes Wine Cask,low,fruity|floral|oak
The Epicurean Tawny Port Finish,high,fruity|nutty|caramel|oak
The Famous Grouse,high,honey|caramel|oak|fruity
The Forge,unknown,
The Forge Hibernia Distillers,unknown,
The Galtee Mountain Boy,unknown,
The Glenlee,unknown,
The Glenlivet,high,fruity|floral|honey|citrus
The Glenlivet Caribbean Reserve,high,fruity|vanilla|caramel|oak
The Glenlivet Excellence,low,fruity|floral|honey
The Glenlivet First Fill American Oak,high,vanilla|honey|oak|fruity
The Glenlivet Founder's Reserve,high,fruity|floral|honey|vanilla
The Glen Morris,unknown,
The Glen Morris Honey,low,honey|caramel
The Glen Morris Original,unknown,
The Glenturret Peated Edition,high,peated|smoky|oak|fruity
The Gospel,low,spicy|oak|caramel
The Gospel Solera Rye,low,spicy|caramel|oak
The Highland Shepherd,unknown,
The Hive,high,honey|floral|fruity
The Hive Wemyss Malts,high,honey|floral|vanilla
The Irishman,high,fruity|vanilla|honey|oak
The Irishman Caribbean Cask Finish,high,fruity|vanilla|caramel|oak
The Irishman Harvest,low,fruity|honey|vanilla
The Irishman Харвест,low,fruity|honey|vanilla
The Kinship Bunnahabhain,low,fruity|honey|oak
The Kinship Caol Ila,high,peated|smoky|maritime|citrus
The Kitchen Table Wemyss Malts,low,spicy|oak|caramel
The Kurayoshi Tottori,low,fruity|honey|oak
The Kyoto Aka-Obi Red Nishijin-ori,unknown,
The Lost Dalaruan,low,maritime|smoky|oak
The Lost Distillery Stratheden,low,fruity|floral|honey
The Lost Jericho,low,fruity|spicy|honey
The Lost Lossit,low,peated|smoky|maritime
The Lost Stratheden,low,fruity|floral|oak
The Lost Towiemore,low,fruity|vanilla|honey
The Macallan 78 Ans Red Collection,low,sherry|chocolate|oak|spicy
The Macallan A Night on Earth in Jerez de la Frontera,low,sherry|citrus|spicy|fruity
The Macallan A Night on Earth the First Light,low,honey|floral|fruity|vanilla
The Macallan Double Cask,high,vanilla|caramel|sherry|oak
The Macallan Double Cask Matured,high,caramel|vanilla|honey|oak
The Macallan M,high,sherry|chocolate|oak|nutty
The Macallan Rare Cask,high,sherry|fruity|nutty|oak
The Macallan Sherry Cask,high,sherry|caramel|fruity|chocolate
The Macallan Sherry Oak,high,sherry|chocolate|oak|fruity
The Macallan The Harmony Collection Inspired By Phoenix Honey Orchid Tea,low,honey|floral|citrus
The Macallan The Harmony Collection Vibrant Oak,low,oak|vanilla|spicy
The Macallan Triple Cask,low,vanilla|honey|oak|fruity
The Old Barrel,unknown,
The Pogues,low,honey|vanilla|fruity
The Pogues Honey,high,honey|caramel|vanilla
The Pogues Irish New Design,low,honey|vanilla|oak
The Pogues SingleMalt,low,fruity|honey|vanilla
The Pogues Streams,unknown,
The Pogues Streams Of,unknown,
The Pogues West Cork,low,honey|vanilla|fruity
The Quiet Man,low,honey|vanilla|oak
The Quiet Man Malt Amarone Finish,low,fruity|spicy|oak
The Quiet Man Marsala Cask Finish,low,fruity|nutty|caramel
The Quiet Man Selection,low,honey|vanilla|oak
The Singleton Glen Ord Special Release 2025,low,fruity|spicy|citrus
The Singleton of Dufftown,high,honey|fruity|nutty|oak
The Singleton of Dufftown Malt Master,high,honey|fruity|vanilla|oak
The Singleton of Dufftown Malt Master Selection,low,honey|nutty|oak
The Singleton of Glendullan Special Release 2023,low,fruity|vanilla|oak
The Story of Back to Black,unknown,
The Tottori Bourbon Barrel,high,bourbon-cask|vanilla|caramel|oak
The Woodsman,unknown,
The Yamazaki Distiller's Reserve,high,sherry|fruity|spicy|oak
Thin Lizzy,low,honey|vanilla|oak
Three Ships,low,fruity|spicy|oak
Tobermory,high,maritime|fruity|oak|citrus
Tobermory 1st Fill Allier,low,fruity|oak|spicy
Tobermory Oloroso Cask Finish,high,sherry|fruity|chocolate|oak
Tobermory Vintage 1996,low,maritime|fruity|oak
Togouchi,high,honey|vanilla|oak
Togouchi Kiwami,low,honey|vanilla|caramel
Togouchi Peated,high,peated|smoky|oak
Togouchi Premium,low,honey|vanilla|oak
Togouchi Sake Cask Finish,low,fruity|floral|vanilla
Tokinoka Black,low,fruity|floral|vanilla
Tomatin,high,fruity|honey|vanilla|oak
Tomatin Cask Strength,low,fruity|spicy|oak|honey
Tomatin Cu Bocan,high,peated|smoky|fruity|spicy
Tomatin Cu Bocan Creation #5 Colombian Andean Oak Casks,low,peated|smoky|oak|spicy
Tomatin Cu Bocan Creation #6 PX Jamaican Rum Casks,low,peated|sherry|caramel|fruity
Tomatin Cu Bocan Signature,high,peated|smoky|spicy|fruity
Tomatin Distillery Double Cask,high,vanilla|sherry|honey|oak
Tomatin Distillery Tomatin,high,fruity|honey|vanilla|oak
Tomatin Distillery Tomatin Cu Bocan Signature,high,peated|smoky|spicy
Tomatin Distillery Tomatin Sherry Cask,high,sherry|fruity|oak|caramel
Tomatin Double Cask,high,vanilla|sherry|honey|oak
Tomatin Italian Collection Amarone Casks,low,fruity|spicy|oak
Tomatin Italian Collection Barolo Casks,low,fruity|oak|spicy
Tomatin Italian Collection Marsala Casks,low,nutty|caramel|fruity
Tomatin Legacy,high,honey|vanilla|fruity|oak
Tomatin Sherry Cask,high,sherry|caramel|fruity|oak
Tomatin Sherry Collection Manzanilla Edition,low,sherry|citrus|nutty
Tomatin Sherry Collection Palo Cortado Edition,low,sherry|nutty|fruity
Tomatin Sherry Collection Pedro Ximenez Edition,low,sherry|chocolate|caramel|fruity
Tomatin Small Batch,low,vanilla|honey|oak
Tomatin Talisman,low,sherry|fruity|oak
Tomatin Talisman Blend,low,sherry|honey|oak
Tomatin Vintage 1990,low,sherry|fruity|honey|oak
Tomatin Year Of The Horse 2011,low,fruity|honey|oak|spicy
Tomintoul,high,floral|fruity|honey|vanilla
Tomintoul Cognac Cask Finish 2009,low,fruity|floral|oak
Tomintoul Peaty,high,peated|smoky|honey
Tomintoul Vintage 1989,low,fruity|honey|oak
Torabhaig Allt Gleann,low,peated|smoky|maritime
Torabhaig Legacy Series Sound of Sleat,low,peated|maritime|spicy
Torabhaig Taigh,low,peated|smoky|citrus
Torabhaig The Legacy,low,peated|smoky|oak
Torabhaig The Legacy Series 2017,low,peated|maritime|oak
Tormore 1988 - The First Edition Author's Series Charles Baudelaire,low,floral|fruity|honey
Tormore Connoisseurs Choice 1991 Gordon&MacPhail,low,fruity|honey|oak
Tormore Legacy 2009 Single Cask,low,floral|fruity|oak
Tottori,low,fruity|honey|oak
Tottori Barell,high,bourbon-cask|vanilla|caramel|oak
Tottori Barell Matsui Distillery,high,bourbon-cask|vanilla|caramel
Towiemore Classic Selection The Lost Distillery,low,fruity|honey|vanilla
Towiemore Vintage Selection The Lost Distillery,low,fruity|vanilla|oak
Town Branch,low,spicy|caramel|oak
Triple Wood Grant's,high,vanilla|honey|oak|caramel
Tullamore Dew,high,honey|vanilla|fruity|oak
Tullamore Dew Caribbean Rum Cask Finish,high,fruity|vanilla|caramel|oak
Tullamore Dew Original,high,honey|fruity|oak
Tullamore Dew Special Reserve,high,honey|vanilla|oak|caramel
Tullibardine,low,honey|vanilla|oak|fruity
Tullibardine Burgundy Finish,high,fruity|spicy|oak|vanilla
Tullibardine Burgundy Finish 228,high,fruity|spicy|oak|vanilla
Tullibardine Sauternes Finish,high,honey|fruity|floral|vanilla
Tullibardine Sauternes Finish 225,high,honey|fruity|floral|vanilla
Tullibardine Sherry Cask Finish 500,high,sherry|fruity|chocolate|oak
Tullibardine Sherry Finish,high,sherry|fruity|spicy|oak
Tullibardine Sherry Finish 500,high,sherry|fruity|oak|chocolate
Tullibardine Sovereign,high,bourbon-cask|vanilla|honey|oak
Tullibardine The Murray,low,fruity|oak
Tullibardine The Murray Triple Port,high,fruity|spicy|oak|chocolate
Tullibardine Vintage 1991,low,sherry|oak|fruity
Tyrconnell,high,bourbon-cask|fruity|floral|vanilla
Tyrconnell Port,high,fruity|spicy|oak|vanilla
Undone No.3 American Blend Not,unknown,
Vat 69,high,honey|vanilla|oak|fruity
Velvet Fig Wemyss Malts,high,fruity|sherry|spicy|oak
Vulson Old Rhino Rye Spirit Organic,unknown,
Vulson Rhino's Pastoral,unknown,
Wemyss Malts Peat Chimney,high,peated|smoky|maritime|oak
Wemyss Malts Spice King,high,spicy|oak|fruity|vanilla
Wemyss Malts The Hive,high,honey|floral|vanilla|fruity
West Cork,low,fruity|vanilla|oak
West Cork Black Cask,high,caramel|vanilla|oak|spicy
West Cork Bourbon Cask,high,bourbon-cask|vanilla|honey|oak
West Cork Calvados Cask Finished,high,fruity|spicy|oak|vanilla
West Cork Glengariff Bog Oak,low,oak|spicy|vanilla
West Cork Glengariff Peat Charred,low,smoky|oak|spicy
West Cork Glengarriff Bog Oak Charred Cask,low,oak|spicy|vanilla
West Cork Glengarriff Peat Charred,low,smoky|oak|spicy
West Cork Glengarriff Peat Charred Cask,low,smoky|oak|spicy
West Cork Glengarriff Series Bog Oak Charred Cask,low,oak|spicy|vanilla
West Cork IPA Cask,low,citrus|floral|spicy
West Cork Maritime Collection Calvados Cask,low,fruity|spicy|oak
West Cork Maritime Collection Port Cask,low,fruity|oak|spicy
West Cork Maritime Collection Rum Cask,low,honey|vanilla|caramel
West Cork Maritime Collection Sherry Cask,low,sherry|fruity|oak
West Cork Pot Still,low,spicy|oak|fruity
West Cork Rum Cask,high,honey|vanilla|caramel
West Cork Sherry Cask Finished,high,sherry|fruity|oak
West Cork Small Batch Calvados Cask,high,fruity|spicy|oak|vanilla
West Cork Small Batch Port Cask,high,fruity|oak|spicy
West Cork Small Batch Rum Cask,high,honey|vanilla|caramel
West Cork Small Batch Sherry Cask,high,sherry|fruity|oak
West Cork Small Batch Virgin Cask,high,oak|vanilla|spicy|caramel
West Cork Stout Cask,low,chocolate|caramel|spicy
Westland Garryana,high,oak|spicy|fruity|floral
WhistlePig Vermont Estate Rye,high,spicy|oak|caramel|fruity
White Heather,low,honey|vanilla|oak
White Horse,high,smoky|honey|oak|vanilla
White Horse Fine Old,high,honey|smoky|oak|vanilla
Whyte & Mackay,high,sherry|chocolate|spicy|oak
Whyte & Mackay John Barr,low,honey|oak|vanilla
Whyte & Mackay John Barr Reserve,low,honey|oak|caramel|vanilla
Whyte & Mackay Special,high,sherry|chocolate|oak|spicy
Whyte&Mackey,low,honey|oak|vanilla
Widow Jane,high,vanilla|caramel|oak|spicy
Widow Jane Rye Mash Oak & Apple Wood Aged,low,fruity|spicy|oak
Wild North,unknown,
Wild Turkey,high,spicy|caramel|vanilla|oak
Wild Turkey 101,high,spicy|caramel|oak|vanilla
Wild Turkey 101 Proof,high,caramel|spicy|vanilla|oak
Wild Turkey 81,high,vanilla|honey|caramel|oak
Wild Turkey Kentucky Spir,high,spicy|caramel|oak|nutty
Wild Turkey Kentucky Spirit,high,spicy|caramel|oak|nutty
Wild Turkey Longbranch,high,vanilla|caramel|oak|spicy
Wild Turkey Rare Breed,high,spicy|oak|caramel|nutty
Wild Turkey + Wild Turkey 101,high,caramel|vanilla|spicy|oak
Willett Pot Still Reserve,high,spicy|caramel|oak|vanilla
William Lawson's,high,honey|vanilla|oak|caramel
William Lawson's Super Spiced,high,honey|vanilla|caramel|spicy
William Peel,low,honey|vanilla|oak
William Peel Double Maturation,low,honey|vanilla|caramel|oak
William Peel Sweet Honey,high,honey|vanilla|caramel
Wilson,low,honey|oak|vanilla
Wilson&Ford,unknown,
Wilson & Morgan Beathan Oloroso Finish,low,sherry|nutty|fruity
Wilson & Morgan Benrinnes PX Finish,low,sherry|fruity|chocolate
Wilson & Morgan Dailuaine Oloroso Finish,low,sherry|nutty|oak
Wilson & Morgan Glen Moray Port Cask,low,fruity|spicy|oak
Wilson & Morgan Speybridge PX Finish,low,sherry|fruity|chocolate
Wilson & Morgan Westport,unknown,
Wilton House,low,honey|oak|vanilla
Wilton House Constable's Iberica,low,sherry|fruity|oak
Wilton House Peated,high,peated|smoky|oak
Wine Wood Reserve,unknown,
Wiseman,low,vanilla|caramel|oak
Wise Salmon,unknown,
Wolfburn Langskip,high,honey|vanilla|fruity|spicy
Wolfe Tone Beara,low,fruity|oak|vanilla
Wolfe Tone Rich Blend Beara,low,fruity|oak|caramel
Woodford Reserve,high,caramel|vanilla|spicy|oak
Woodford Reserve Baccarat Edition,high,caramel|vanilla|spicy|oak
Woodford Резерв,high,caramel|vanilla|oak|spicy
World Blend,unknown,
Wormtub,low,oak|fruity|spicy
Wormtub Single Cask - Batch 6,low,oak|fruity|spicy
Writers Tears,high,fruity|honey|vanilla|floral
Writers Tears Cask Strenght,high,fruity|spicy|honey|oak
Writers Tear's Double Oak,high,oak|vanilla|fruity|spicy
Writers Tears Ice Wine Cask Finish,high,fruity|honey|floral|vanilla
Writers Tear's Irish Miniatures,high,fruity|honey|vanilla|floral
Writers Tears Marsala Cask Finish,high,fruity|nutty|spicy|oak
Writers Tears Mizunara Finish,high,spicy|floral|oak|fruity
Yamazakura Fine Blend,low,fruity|floral|honey
Yellow Edition Blair Athol 2011,low,sherry|fruity|spicy
Yellow Edition Teaninich,low,floral|citrus|oak
Yellow Spot,high,spicy|fruity|honey|oak
Yellowstone,high,caramel|vanilla|oak|spicy
Yellowstone Family Recipe Anniversary,high,caramel|nutty|oak|fruity
Yellowstone Rum Cask Finish,high,honey|caramel|fruity|vanilla
Yellowstone Select,high,vanilla|caramel|spicy|oak
Yellowstone Small Batch,high,vanilla|honey|caramel|oak
Yellowstone Toasted Staves Finish,high,oak|spicy|nutty|caramel
БІЛИЙ Aged on American Oak Chips,unknown,
БІЛИЙ Aged on Bourbon Oak Chips,unknown,
БІЛИЙ Distillate,unknown,
Віскі,unknown,
Гедоніста,unknown,
Горілка Moulin,unknown,
Дрофа&Люди Beer Pure Craft Beer Distillate,unknown,
Дрофа&Люди Білий Aged on American Oak Chips,unknown,
Дрофа&Люди Білий Aged on Bourbon Oak Chips,unknown,
Дрофа&Люди Білий Distillate,unknown,
