15 stars	15-stars	any
1770	glasgow-1770	brand
1792	1792	brand
36 south	36-south	any
8 doors	8-doors	any
8 doors distillery	8-doors	any
aber	aber-falls	brand
aber falls	aber-falls	any
aberargie	aberargie	any
aberargie distillery	aberargie	any
aberdour	aberdour	any
aberfeldy	aberfeldy	any
aberlour	aberlour	any
abhainn dearg	abhainn-dearg	any
abhainn dearg distillery	abhainn-dearg	any
achill island	achill-island	any
adelphi	adelphi	any
aerstone	aerstone	any
agitator	agitator	brand
aikan	aikan	brand
ailsa bay	ailsa-bay	any
akashi	akashi	any
alchemist	alchemist	brand
alexander	alexander	brand
allt a bhainne	allt-a-bhainne	any
amahagan	amahagan	any
amrut	amrut	any
an orkney	an-orkney	any
ancnoc	ancnoc	any
angel	glen-angel	brand
angels envy	angels-envy	any
angus dundee	angus-dundee	any
annandale	annandale	any
annandale distillery	annandale	any
antiquary	antiquary	any
arbikie	arbikie	any
arbikie distillery	arbikie	any
ardbeg	ardbeg	any
ardgowan	ardgowan	any
ardgowan distillery	ardgowan	any
ardmore	ardmore	any
ardnahoe	ardnahoe	any
ardnamurchan	ardnamurchan	any
ardross	ardross	any
ardross distillery	ardross	any
arlett	arlett	any
armorik	armorik	any
arran	arran	brand
artist	artist	brand
artist collective	artist-collective	any
atom	atom	brand
auchentoshan	auchentoshan	any
auchroisk	auchroisk	any
aultmore	aultmore	any
azabu	azabu	brand
back to black	back-to-black	any
bagots	bagots	any
bakers	bakers	brand
balblair	balblair	any
ballantine	ballantines	any
ballantines	ballantines	any
ballantines brasil	ballantines-brasil	any
ballantruan	old-ballantruan	any
ballechin	ballechin	any
ballina	ballina	any
ballindalloch	ballindalloch	any
ballindalloch distillery	ballindalloch	any
balmaud	balmaud	any
balmaud distillery	balmaud	any
balmenach	balmenach	any
balmenach distillery	balmenach	any
balvenie	balvenie	any
bandwagon	bandwagon	brand
bank note	bank-note	any
bankhall	bankhall	any
barclays	barclays	any
barrel	barrell	brand
barrell	barrell	any
barry bernard	barry-bernard	any
barts	barts	any
barts xs edition	barts	any
basil hayden	basil-hayden	any
basil haydens	basil-hayden	any
bastille	bastille	any
bayadera	bayadera	any
beara	beara	any
beauchamp	beauchamp	any
beinn dubh	beinn-dubh	any
bell rock	bell-rock	any
bells	bells	brand
ben cumhaill	ben-cumhaill	any
ben cumhaill distillery	ben-cumhaill	any
ben nevis	ben-nevis	any
benbecula	benbecula	any
benbecula distillery	benbecula	any
benriach	benriach	any
benrinnes	benrinnes	any
benromach	benromach	any
bercloux	bercloux	brand
bernheim	bernheim	any
berry bros	berry-bros-rudd	any
berry bros and rudd	berry-bros-rudd	any
berrys	berry-bros-rudd	any
beverbach	beverbach	any
bib tucker	bib-tucker	any
big moustache	big-moustache	any
big peat	big-peat	any
billy bong	billy-bong	any
black bottle	black-bottle	any
black bull	black-bull	any
black ram	black-ram	any
black velvet	black-velvet	any
blackness	blackness	brand
blackness distillery	blackness	any
bladnoch	bladnoch	any
blair athol	blair-athol	any
blair atholl	blair-athol	any
blairfindy	blairfindy	any
blantons	blantons	any
blood oath	blood-oath	any
blue	blue	brand
blue spot	mitchell-son	brand
bold thady	bold-thady	any
bombergers	bombergers	any
bonailie	bonailie	any
bonnington	bonnington	any
bonnington distillery	bonnington	any
boone county	boone-county	any
borders	borders	brand
borders distillery	borders	any
boulder	boulder	brand
boulevardier	boulevardier	brand
bouteille	bouteille	brand
bowmore	bowmore	any
brackla	royal-brackla	brand
bradan orach	bradan-orach	any
braes of glenlivet	braeval	any
braeval	braeval	any
breckenridge	breckenridge	any
brenne	brenne	any
brora	brora	any
brora distillery	brora	any
bruichladdich	bruichladdich	any
bruichladdich port charlotte	port-charlotte	any
buchanans	buchanans	any
bud spencer	bud-spencer	any
buffalo trace	buffalo-trace	any
bulleit	bulleit	any
bunnahabhain	bunnahabhain	any
burn obennie	burn-o-bennie	any
burn obennie distillery	burn-o-bennie	any
burnside	burnside	any
bushmills	bushmills	any
busker	the-busker	brand
cabrach	cabrach	any
cabrach distillery	cabrach	any
cadenhead	cadenhead	any
cadenheads	cadenhead	any
cailleach	cailleach	any
cairn	cairn	brand
cairn distillery	cairn	any
caisteal chamuis	caisteal-chamuis	any
cameron bridge	cameronbridge	any
cameronbridge	cameronbridge	any
canada house	canada-house	any
canadian club	canadian-club	any
canadian mist	canadian-mist	any
canmore	canmore	brand
caol ila	caol-ila	any
caperdonich	caperdonich	any
cardhu	cardhu	any
carpathian	carpathian	any
cask orkney	cask-orkney	any
catchers rye	catchers-rye	any
catoctin creek	catoctin-creek	any
cattos	cattos	any
cedar ridge	cedar-ridge	any
celtic revival	celtic-revival	any
charles house	the-charles-house	any
charlie parrys mallows	charlie-parrys-mallows	any
chichibu	chichibu	any
chieftains	chieftains	any
chita	chita	any
chivas	chivas-regal	brand
chivas brothers	chivas-regal	brand
chivas regal	chivas-regal	any
civitas	civitas	brand
clan campbell	clan-campbell	any
clan denny	clan-denny	any
clan macgregor	clan-macgregor	any
claymore	claymore	brand
clear creek	clear-creek	any
clear creek distillery	clear-creek	any
clonakilty	clonakilty	any
clydeside	clydeside	any
clynelish	clynelish	any
coalition	coalition	brand
comber	old-comber	brand
compass box	compass-box	any
conciere	conciere	any
connemara	connemara	any
cooley	cooley	any
coopers choice	coopers-choice	any
copper dog	copper-dog	any
corsair	corsair	any
corsaire	corsair	any
courage and conviction	courage-conviction	any
courage conviction	courage-conviction	any
crabbie	crabbie	any
crabbie cree	crabbie	any
crafty distillery	galloway	any
cragganmore	cragganmore	any
craigellachie	craigellachie	any
crater lake	crater-lake	any
crazy charley	crazy-charley	any
croithli	croithli	any
cromwells royal	cromwells-royal	any
crown royal	crown-royal	any
cu bocan	cu-bocan	any
cumberland falls	cumberland-falls	any
cutty sark	cutty-sark	any
d u c	d-u-c	brand
daddy rack	daddy-rack	any
daftmill	daftmill	any
dailuaine	dailuaine	any
dalmahoy	dalmahoy	any
dalmore	dalmore	any
dalmunach	dalmunach	any
dalwhinnie	dalwhinnie	any
darkness	darkness	any
david nicholson	david-nicholson	any
daviess county	daviess-county	any
de danann	de-danann	any
deanston	deanston	any
deep river	deep-river	any
deerness	deerness	any
deerness distillery	deerness	any
deveron	the-deveron	brand
dewar rattray	dewar-rattray	any
dewars	dewars	any
dilmoor	dilmoor	any
dornoch	dornoch	any
dornoch distillery	dornoch	any
douglas laing	douglas-laing	any
douglas laing co	douglas-laing	any
douglas laing company	douglas-laing	any
douglas laingcompany	douglas-laing	any
dram loch	dram-loch	any
drofa	drofa	any
drummers reserve	drummers-reserve	any
dry fly	dry-fly	brand
dubliner	dubliner	brand
dublins own	dublins-own	any
dufftown	dufftown	any
dufftown distillery	dufftown	any
dunphail	dunphail	any
dunphail distillery	dunphail	any
dunvilles	dunvilles	any
eagle rare	eagle-rare	any
early times	early-times	any
easy rider	easy-rider	any
echlinville	echlinville	any
ecosse g	ecosse-g	brand
edderwick	edderwick	any
eddu	eddu	brand
eden mill	eden-mill	any
eden mill distillery	eden-mill	any
edradour	edradour	any
egans	egans	any
eigashima	eigashima	any
eigashima shuzo	eigashima	any
eiregold	eiregold	any
element	element	brand
elements of islay	elements-of-islay	any
elijah craig	elijah-craig	any
elixir distillers	elixir-distillers	any
embra	embra	any
evade	evade	brand
evan williams	evan-williams	any
ezra brooks	ezra-brooks	any
falkirk	falkirk	brand
falkirk distillery	falkirk	any
famous grouse	famous-grouse	any
fara	fara	brand
fauconnier	fauconnier	any
fercullen	fercullen	any
fettercairn	fettercairn	any
few	few	brand
few spirits	few	any
filey bay	filey-bay	any
fillers	filliers	any
filliers	filliers	any
finity	finity	brand
finlaggan	finlaggan	any
fireball	fireball	any
first edition	first-editions	any
fitzwilliam	fitzwilliam	any
flannigans	flannigans	any
floki	floki	brand
flora fauna	flora-fauna	any
flora fauna mannochmore	mannochmore	any
fordman	fordman	brand
forty creek	forty-creek	any
four roses	four-roses	any
franks fiddle	franks-fiddle	any
fuji	fuji	brand
fujimi	fujimi	any
fuyu	fuyu	brand
g m	gordon-macphail	brand
galloway	galloway	brand
galloway distillery	galloway	any
galtee mountain boy	galtee-mountain-boy	any
gelstons	samuel-gelstons	any
george remus	remus	any
georgia moon	georgia-moon	any
girvan	girvan	any
gladstone axe	gladstone-axe	any
glant bernard	glant-bernard	any
glasgow	glasgow-1770	brand
glasgow 1770	glasgow-1770	any
glasgow distillery	glasgow-1770	any
glen angel	glen-angel	any
glen barley	glen-barley	any
glen broch	glen-broch	any
glen clan	glen-clan	any
glen deveron	the-deveron	any
glen elgin	glen-elgin	any
glen garioch	glen-garioch	any
glen grant	glen-grant	any
glen keith	glen-keith	any
glen moray	glen-moray	any
glen morris	glen-morris	any
glen ord	glen-ord	any
glen parker	glen-parker	brand
glen russell	glen-russell	any
glen ryan	glen-ryan	any
glen scanlan	glen-scanlan	any
glen scotia	glen-scotia	any
glen silvers	glen-silvers	any
glen spey	glen-spey	any
glen talloch	glen-talloch	any
glen turner	glen-turner	any
glenaladale	glenaladale	any
glenallachie	glenallachie	any
glenalmond	glenalmond	any
glenburgie	glenburgie	any
glencadam	glencadam	any
glencoe	glencoe	any
glendale	glendale	brand
glendalough	glendalough	any
glendronach	glendronach	any
glendullan	glendullan	any
glendullan distillery	glendullan	any
glenfarclas	glenfarclas	any
glenfiddich	glenfiddich	any
glengannon	glengannon	any
glenglassaugh	glenglassaugh	any
glengoyne	glengoyne	any
glengyle	glengyle	any
glengyle distillery	glengyle	any
glenkinchie	glenkinchie	any
glenlassie	glenlassie	any
glenlee	the-glenlee	any
glenlivet	glenlivet	any
glenlossie	glenlossie	any
glenmorangie	glenmorangie	any
glenrothes	glenrothes	any
glenshiel	glenshiel	any
glentauchers	glentauchers	any
glenturret	glenturret	any
glenwyvis	glenwyvis	any
glenwyvis distillery	glenwyvis	any
goalong	goalong	any
gordon and macphail	gordon-macphail	any
gordon macphail	gordon-macphail	any
gordonmacphail	gordon-macphail	any
gouden carolus	gouden-carolus	any
grace o malley	grace-omalley	any
grace omalley	grace-omalley	any
grand grizzly	grand-grizzly	any
grand moldaviens	grand-moldaviens	any
grangestone	grangestone	any
grants	grants	any
grass widow	grass-widow	any
grave digger	grave-digger	any
gravediggers	gravediggers	any
great barrel	great-barrel	any
great oaks	great-oaks	brand
green river	green-river	any
green spot	green-spot	any
greenbar	greenbar	any
greign	greign	any
gwalarn	gwalarn-pure	brand
gwalarn pure	gwalarn-pure	brand
haig club	haig-club	any
hakushu	hakushu	any
hamiltons	hamiltons	brand
hankey bannister	hankey-bannister	any
haran	haran	any
hardenberg	hardenberg	any
harris	isle-of-harris	brand
harrison	harrison	any
hart brothers	hart-brothers	any
hatozaki	hatozaki	any
hearach	the-hearach	any
heaven hill	heaven-hill	any
heavens door	heavens-door	any
hellyers road	hellyers-road	any
helsinki	helsinki-distilling	brand
helsinki distilling company	helsinki-distilling	any
hepburns choice	hunter-laing	any
hepp	hepp	brand
hiberum	hiberum	any
hiberum saboga	hiberum	any
hibiki	hibiki	any
hibiki harmony	hibiki	any
high commissioner	high-commissioner	any
high west	high-west	any
highiland baron	highland-baron	any
highland baron	highland-baron	any
highland chief	highland-chief	any
highland harvest	highland-harvest	any
highland mist	highland-mist	any
highland park	highland-park	any
highland queen	highland-queen	any
highlands friends	highlands-friends	any
hinch	hinch	any
hinotori	hinotori	any
hogs	hogs	brand
holyrood	holyrood	any
holyrood distillery	holyrood	any
house of maclair	house-of-maclair	any
hungry hill	hungry-hill	any
hunter laing	hunter-laing	any
hunting lodge	hunting-lodge	any
hyde	hyde	brand
ichiros	ichiros	any
ichiros malt	ichiros	any
imperial	imperial	brand
inchdairnie	inchdairnie	any
inchdairnie distillery	inchdairnie	any
inchgower	inchgower	any
inchmurrin	inchmurrin	any
invergordon	invergordon	any
invergordon distillery	invergordon	any
irishamerican	irishamerican	any
islay mist	islay-mist	any
isle of arran	arran	any
isle of harris	isle-of-harris	any
isle of harris distillery	isle-of-harris	any
isle of jura	jura	any
isle of raasay	raasay	any
isle of skye	isle-of-skye	any
isle of tiree	tiree	any
j b	jb	brand
j b rare	jb	any
j p wisers	jp-wisers	any
j riddle	j-riddle	any
j w hardie	the-talisman	brand
jack daniels	jack-daniels	any
jackton	jackton	any
jackton distillery	jackton	any
james e pepper	james-e-pepper	any
james kilton	james-kilton	any
james king	james-king	brand
james wyld	james-wyld	any
jameson	jameson	any
jeffersons	jeffersons	any
jeffersons ocean	jeffersons-ocean	any
jim bardett	jim-bardett	brand
jim beam	jim-beam	any
jimsher	jimsher	any
jiu hai bu gan	jiu-hai-bu-gan	any
joe got a gun	joe-got-a-gun	any
john barr	john-barr	any
john crabbie	crabbie	any
john lee	john-lee	brand
john walker sons	johnnie-walker	any
johnnie walker	johnnie-walker	any
johnny cree	johnny-cree	brand
johnny drum	johnny-drum	any
johnny hepp	johnny-hepp	any
johnny smoking gun	johnny-smoking-gun	any
journeyman	journeyman-distillery	brand
journeyman distillery	journeyman-distillery	any
jp wisers	jp-wisers	any
judas priest	judas-priest	any
jura	jura	brand
kamiki	kamiki	any
karuizawa	karuizawa	any
kavalan	kavalan	any
kentucky	kentucky	brand
kentucky jack	kentucky-jack	any
kentucky owl	kentucky-owl	any
kentucky vintage	kentucky-vintage	any
kilbeggan	kilbeggan	any
kilchoman	kilchoman	any
kilkerran	kilkerran	any
kimbland	kimbland	any
kimbland distillery	kimbland	any
kindilan	kindilan	any
king charles	king-charles	brand
king of scots	the-king-of-scots	any
king robert	king-robert	any
king robert ii	king-robert-ii	any
kings	kings	brand
kingsbarns	kingsbarns	any
kininvie	kininvie	any
kininvie distillery	kininvie	any
kirkcowan	kirkcowan	any
knappogue castle	knappogue-castle	any
knob creek	knob-creek	any
knockando	knockando	any
knockdhu	ancnoc	any
koriyama	koriyama	brand
koval	koval	any
kura	kura	brand
kurayoshi	kurayoshi	any
kyoda	kyoda	any
kyro	kyro	brand
kythe	kythe	brand
kythe distillery	kythe	any
label 5	label-5	any
lagavulin	lagavulin	any
lagg	lagg	brand
laggan bay	laggan-bay	any
laggan bay distillery	laggan-bay	any
lakes	lakes	brand
lambertus	lambertus	any
laphroaig	laphroaig	any
lauders	lauders	any
ledaig	ledaig	any
lehmann	lehmann	brand
leopold bros	leopold-bros	any
lerwick	lerwick	brand
lerwick distillery	lerwick	any
leven	leven	brand
leven distillery	leven	brand
lewis clark	lewis-clark	any
ley seca	prohibido	name
lighthouse	lighthouse	brand
lindores	lindores-abbey	brand
lindores abbey	lindores-abbey	any
lindores abbey distillery	lindores-abbey	any
linkwood	linkwood	any
littlemill	littlemill	any
loch lomond	loch-lomond	any
lochlea	lochlea	any
lochlea distillery	lochlea	any
lochranza	arran	any
lochranza distillery	arran	any
london square	london-square	any
longmorn	longmorn	any
longrow	longrow	any
lord elcho	lord-elcho	any
lost distillery	lost-distillery	any
lost monarch	lost-monarch	any
lot 40	lot-40	brand
lot no 40	lot-40	any
lothaire	lothaire	any
lou gal	lou-gal	brand
lux row	lux-row-distillers	any
lux row distillers	lux-row-distillers	any
luxco	quiet-man	brand
m h	m-h	brand
m h distillery	m-h	any
m h elements	m-h	brand
mac talla	mac-talla	any
macallan	macallan	any
macarthurs	macarthurs	any
macduff	macduff	any
machrie moor	machrie-moor	any
macintyres drop	macintyres-drop	any
mackmyra	mackmyra	any
maen	maen	brand
maison des futailles	spicebox	any
maison des futailles spicebox	spicebox	any
makers mark	makers-mark	any
malt b	malt-b	brand
maltbarn	maltbarn	any
man o sword	man-o-sword	any
man o words	man-o-words	any
man osword	man-o-sword	any
man owords	man-o-words	any
manhattan	manhattan	brand
mannochmore	mannochmore	any
marc de champagne	marc-de-champagne	any
mars	mars	brand
masahiro	masahiro	any
mash cut	mash-cut	brand
mastersons	mastersons	any
masthouse	masthouse	any
matsui	matsui	any
matt d arcy	matt-darcy	any
matt darcy	matt-darcy	any
may loag	may-loag	any
mccarthys	mccarthys	any
mcclellands	mcclellands	any
mcconnells	mcconnells	any
mcgibbons	mcgibbons	any
mcivor	mcivor	any
mckintryes club casino	mckintyres	any
mckintyres club casino	mckintyres	any
meikle toir	meikle-toir	any
mellow corn	mellow-corn	any
method and madness	method-and-madness	any
mgp	mgp	brand
mgp ingredients	mgp	any
michters	michters	any
micil	micil	any
midleton	midleton	any
midleton very rare	midleton-very-rare	any
milam greene	milam-greene	any
miltonduff	miltonduff	any
minor case	minor-case	any
misaki	misaki	brand
mitchell son	mitchell-son	any
mitchells	mitchell-son	any
mitchells green spot	green-spot	any
miyagikyo	miyagikyo	any
mizen head	mizen-head	any
moffat	moffat	brand
moffat distillery	moffat	any
monkey shoulder	monkey-shoulder	any
moonshine runners	moonshine-runners	any
morris	morris-rutherglen	any
morrison mackay	morrison-mackay	any
mortlach	mortlach	any
mossburn	mossburn	any
moulin	moulin	brand
muirheads	muirheads	any
muirheads blue seal	muirheads	any
murray mcdavid	murray-mcdavid	any
muteki	muteki	any
naked grouse	naked-grouse	any
naked malt	naked-grouse	any
nc nean	nc-nean	any
ncnean	nc-nean	any
neidhal	neidhal	any
nelsons green brier	nelsons-green-brier	any
new midleton distillery	midleton	any
new riff	new-riff	any
nikka	nikka	any
nikka whisky	nikka	any
nirasaki	nirasaki	any
noahs mill	noahs-mill	any
noble rebel	noble-rebel	any
nobushi	nobushi	any
nor loch	nor-loch	any
norloch	nor-loch	any
north british	north-british	any
north point	north-point	any
north point distillery	north-point	any
north uist	north-uist	any
north uist distillery	north-uist	any
o brian	o-brian	brand
o dohertys	o-dohertys	brand
o h ingram	oh-ingram	any
o liam	o-liam	brand
o neills	o-neills	any
oakeshott	oakeshott	any
oban	oban	brand
obrian	o-brian	brand
obrian fauconnier	fauconnier	name
octomore	octomore	any
odohertys	o-dohertys	brand
ogilhinn nessia	ogilhinn-nessia	any
ogilhinn nessia highland phantom peak	ogilhinn-nessia	any
ogilhinn nessia speyside celestia creek	ogilhinn-nessia	any
old angus	old-angus	any
old ballantruan	old-ballantruan	any
old bardett	old-bardett	any
old barny	old-barny	any
old bushmills	bushmills	any
old castle	old-castle	any
old comber	old-comber	any
old crow	old-crow	any
old ezra	old-ezra	any
old forester	old-forester	any
old glasgow	old-glasgow	any
old malt cask	old-malt-cask	any
old overholt	old-overholt	any
old particular	douglas-laing	any
old perth	old-perth	any
old pulteney	old-pulteney	any
old rare	old-rare	any
old rip van winkle	old-rip-van-winkle	any
old route 8	old-route-8	any
old smittys	old-smittys	brand
old smuggler	old-smuggler	any
old tullymet	old-tullymet	any
old virginia	old-virginia	any
old woody	old-woody	brand
oliam	o-liam	any
oneills	o-neills	any
onikishi	onikishi	any
opatrick	opatrick	any
orkney	orkney	brand
orkney distilling	orkney	any
orphan barrel	orphan-barrel	any
orphan barrel rhetoric	orphan-barrel-rhetoric	any
paddy	paddy	brand
parkers heritage	parkers-heritage	any
parkers heritage collection	parkers-heritage	any
passport	passport-scotch	brand
passport scotch	passport-scotch	any
paul john	paul-john	any
peanut butter	skrewball	brand
pearse	pearse	brand
pearse lyons distillery	pearse	any
peat chimney	peat-chimney	any
peats beast	peats-beast	any
penderyn	penderyn	any
penelope	penelope	any
pennypacker	pennypacker	any
pickup truck	pickup-truck	any
pigs nose	pigs-nose	any
pike creek	pike-creek	any
pikesville	pikesville	any
pipe dream	pipe-dream	any
platte valley	platte-valley	any
platte walley	platte-valley	any
pogues	the-pogues	any
pokeno	pokeno	any
poli segretario	poli	any
port askaig	port-askaig	any
port charlotte	port-charlotte	any
port ellen	port-ellen	any
port ellen distillery	port-ellen	any
port of leith	port-of-leith	any
port of leith distillery	port-of-leith	any
powers	powers	brand
powers johns lane	powers-johns-lane	any
prohibido	prohibido	any
prologue	prologue	any
proper 12	proper-no-twelve	brand
proper no twelve	proper-no-twelve	any
proper twelve	proper-no-twelve	any
provenance	douglas-laing	any
pulteney	pulteney	any
pulteney distillery	pulteney	any
puni	puni	brand
pure kentucky	pure-kentucky-xo	any
pure kentucky xo	pure-kentucky-xo	any
quality house	quality-house	brand
quiet man	quiet-man	any
raasay	raasay	any
raasay distillery	raasay	any
rabbit hole	rabbit-hole	any
ragtime rye	ragtime-rye	any
rammstein	rammstein	any
rebel	rebel	brand
rebel bourbon	rebel	any
rebel yell	rebel	brand
redbreast	redbreast	any
redwood empire	redwood-empire	any
reivers	reivers	any
reivers distillery	reivers	any
reki	reki	brand
remus	remus	brand
reservoir	reservoir	brand
rest be thankful	rest-and-be-thankful	any
restless pony	restless-pony	any
rittenhouse	rittenhouse	any
river proof series	river-proof-series	any
river queen	river-queen	any
robert burns	robert-burns	any
rock island	rock-island	any
rock oyster	rock-island	any
roe co	roe-co	any
rosebank	rosebank	any
rosebank distillery	rosebank	any
roseisle	roseisle	any
rossville union	rossville-union	any
rowans creek	rowans-creek	any
royal brackla	royal-brackla	any
royal canadian	royal-canadian	any
royal lochnagar	royal-lochnagar	any
royal salute	royal-salute	any
royal stag	royal-stag	any
rozelieures	rozelieures	any
ruotkers	ruotkers	any
ry3	ry3	brand
rysa	rysa	brand
saint bernard	saint-bernard	any
saint magdalene	st-magdalene	any
sakurao	sakurao	any
sam barton	sam-barton	any
samuel gelstons	samuel-gelstons	any
sassenach	sassenach	any
saxa vord	saxa-vord	any
saxa vord distillery	saxa-vord	any
sazerac	sazerac	any
scallywag	douglas-laing	any
scapa	scapa	any
scarabus	scarabus	any
scots earl	scots-earl	any
scots gold	scots-gold	any
scottish collie	scottish-collie	any
scottish deer	scottish-deer	any
scottish glory	scottish-glory	any
scottish hunter	scottish-hunter	any
scottish leader	scottish-leader	any
scottish piper	scottish-piper	any
scyfion	scyfion	any
seagrams	seagrams	any
seagrams gin	royal-stag	brand
seagrams royal stag	royal-stag	any
seagrams royal stag deluxe	royal-stag	any
secret orkney	secret-orkney	any
sexton	sexton	brand
shackleton	shackleton	any
shamrose	shamrose	any
shefford manor	shefford-manor	any
shenks	shenks	any
shetland reel	saxa-vord	any
shin	shin	brand
shinobu	shinobu	any
sierra norte	sierra-norte	any
signatory	signatory	any
singleton	the-singleton	brand
singleton of dufftown	singleton-of-dufftown	any
singleton of glen ord	singleton-glen-ord	any
sir edwards	sir-edwards	any
sir edwards finests	sir-edwards	any
sir park	sir-park	any
sir pitterson	sir-pitterson	any
skottish collie	scottish-collie	any
skrewball	skrewball	any
slaur sardet	slaur-sardet	any
slipknot 9	slipknot-9	any
slyrs	slyrs	any
smokehead	smokehead	any
smokey joe	smokey-joe	any
smooth ambler	smooth-ambler	any
speaker	the-speaker	brand
spearhead	spearhead	brand
speciality drinks	speciality-drinks	any
spey	speyside-distillery	brand
spey river	spey-river	any
speyburn	speyburn	any
speyburn bradan orach	bradan-orach	any
speymalt	speymalt	any
speyside	speyside-distillery	brand
speyside distillery	speyside-distillery	any
spice king	spice-king	brand
spice monkey	spice-monkey	any
spicebox	spicebox	brand
spirit of voodoo	spirit-of-voodoo	any
spirit of yorkshire	filey-bay	any
springbank	springbank	any
st kilian	st-kilian	any
st magdalene	st-magdalene	any
stag hunter	stag-hunter	any
stannergill	stannergill	any
stannergill distillery	stannergill	any
star stripes	star-stripes	any
starlaw	starlaw	any
starlaw distillery	starlaw	any
starward	starward	any
stateless	stateless	brand
stirling	stirling	brand
stirling distillery	stirling	brand
strathclyde	strathclyde	any
strathclyde distillery	strathclyde	any
strathearn	strathearn	any
strathearn distillery	strathearn	any
strathisla	strathisla	any
strathmill	strathmill	any
strathmill distillery	strathmill	any
stronachie	stronachie	any
suntory	suntory	brand
syndicate 58 6	syndicate-58-6	any
take it to the brig	take-it-to-the-brig	any
taketsuru	taketsuru	any
takumi	takumi	brand
talisker	talisker	any
talisman	the-talisman	brand
tamdhu	tamdhu	any
tamnavulin	tamnavulin	any
tbwc	tbwc	brand
teachers	teachers	any
teaninich	teaninich	any
teeling	teeling	any
teeling distillery	teeling	any
teeling whiskey	teeling	any
teerenpeli	teerenpeli	any
templeton	templeton-rye	any
templeton rye	templeton-rye	any
tenjaku	tenjaku	any
terence hill	terence-hill	any
that boutique y whisky co	tbwc	any
that boutique y whisky company	tbwc	any
the antiquary	antiquary	any
the ardmore	ardmore	any
the balvenie	balvenie	any
the borders distillery	borders	any
the busker	the-busker	any
the cabrach	cabrach	any
the cairn	cairn	any
the charles house	the-charles-house	any
the chita	chita	any
the claymore	claymore	any
the dalmore	dalmore	any
the deacon	the-deacon	brand
the dead rabbit	the-dead-rabbit	any
the deveron	the-deveron	any
the dubliner	dubliner	any
the epicurean	the-epicurean	any
the famous grouse	famous-grouse	any
the first editions	first-editions	any
the forge	the-forge	brand
the forge hibernia distillers	the-forge	any
the galtee mountain boy	galtee-mountain-boy	any
the gild	the-gild	brand
the gladstone axe	gladstone-axe	any
the glen morris	glen-morris	any
the glenlee	the-glenlee	any
the glenlivet	glenlivet	any
the glenrothes	glenrothes	any
the glenturret	glenturret	any
the gospel	the-gospel	any
the grouse cola	famous-grouse	any
the hakushu	hakushu	any
the hearach	isle-of-harris	any
the highland shepherd	the-highland-shepherd	any
the hive	the-hive	brand
the irishman	the-irishman	any
the king of scots	the-king-of-scots	any
the kinship	the-kinship	any
the kurayoshi	kurayoshi	any
the kyoto	the-kyoto	brand
the lakes	lakes	brand
the lakes distillery	lakes	any
the legacy series	torabhaig	brand
the lost distillery	lost-distillery	any
the macallan	macallan	any
the matsui	matsui	any
the naked grouse	naked-grouse	any
the old barrel	the-old-barrel	any
the pogues	the-pogues	any
the quiet man	quiet-man	any
the sassenach	sassenach	any
the sexton	sexton	any
the singleton	the-singleton	brand
the singleton of dufftown	singleton-of-dufftown	any
the singleton of glen ord	singleton-glen-ord	any
the speaker	the-speaker	any
the story of back to black	back-to-black	any
the talisman	the-talisman	brand
the tottori	tottori	any
the whistler	the-whistler	any
the wild geese	wild-geese	any
the wild north	the-wild-north	any
the woodsman	the-woodsman	any
the yamazaki	yamazaki	any
thin lizzy	thin-lizzy	any
thompson bros	thompson-bros	any
three ships	three-ships	any
timorous beastie	douglas-laing	any
tincup	tincup	any
tiree	tiree	brand
tiree distillery	tiree	brand
tobermory	tobermory	any
togouchi	togouchi	any
tokinoka	tokinoka	any
tomatin	tomatin	any
tomatin talisman	the-talisman	name
tomintoul	tomintoul	any
torabhaig	torabhaig	any
tormore	tormore	any
tottori	tottori	any
toulvaddie	toulvaddie	any
toulvaddie distillery	toulvaddie	any
town branch	town-branch	any
trails end	trails-end	any
tullamore	tullamore-dew	brand
tullamore d e w	tullamore-dew	any
tullamore dew	tullamore-dew	any
tullibardine	tullibardine	any
turning point	turning-point	brand
two drams	two-drams	any
tyrconnell	tyrconnell	any
uile bheist	uile-bheist	any
uile bheist distillery	uile-bheist	any
uilebheist	uile-bheist	any
umiki	umiki	any
undone	undone	brand
valdespino	valdespino	any
vat 69	vat-69	brand
velvet cap	velvet-cap	brand
virginia distillery company	virginia-distillery-company	any
vulson	vulson	any
waterproof	waterproof	brand
wemyss	wemyss-malts	brand
wemyss malts	wemyss-malts	any
west cork	west-cork	any
west cork distillers	west-cork	any
westland	westland	any
westport	westport	brand
westward	westward	brand
whisky	and-whisky	brand
whisky of voodoo	spirit-of-voodoo	any
whistlepig	whistlepig	any
white heather	white-heather	any
white horse	white-horse	any
whyte and mackay	whyte-mackay	any
whyte mackay	whyte-mackay	any
whyte mackey	whyte-mackay	any
widow jane	widow-jane	any
wild geese	wild-geese	any
wild north	the-wild-north	any
wild turkey	wild-turkey	any
wilderness trail	wilderness-trail	any
willett	willett	any
william lawsons	william-lawsons	any
william peel	william-peel	any
wilson	wilson	brand
wilson and morgan	wilson-morgan	any
wilson ford	wilson-ford	any
wilson morgan	wilson-morgan	any
wilton house	wilton-house	any
wise salmon	wise-salmon	any
wisers	jp-wisers	brand
wolfburn	wolfburn	any
wolfe tone	wolfe-tone	any
woodford	woodford-reserve	brand
woodford reserve	woodford-reserve	any
woody creek	woody-creek	any
woody creek distillers	woody-creek	any
wormtub	wormtub	any
writers tears	writers-tears	any
xtra old particular	douglas-laing	any
yakusun	yakusun	any
yamazaki	yamazaki	any
yamazakura	yamazakura	any
yellow edition	yellow-edition	brand
yellow rose	yellow-rose	any
yellow spot	yellow-spot	any
yellowstone	yellowstone	any
yoichi	yoichi	any
ардбег	ardbeg	any
глен таллок	glen-talloch	any
дрофа	drofa	brand
дрофа люди	drofa	any
хайленд парк	highland-park	any
