springbank	Springbank	distillery	GB-SCT	campbeltown	campbeltown	J&A Mitchell & Company	single malt	light			unverified	high	https://en.wikipedia.org/wiki/Springbank_(distillery)	Parent of Longrow (heavy) and Hazelburn (unpeated, not in this batch). Core Springbank itself is medium-peated per the distillery's own process (6h peat smoke + 30h hot air, "medium-peated" per the cited article).	springbank	4	Signatory Springbank Symington's Choice 1989 ; Springbank
the-speaker	The Speaker	blend	GB-SCT			Block, Grey & Block Ltd	blend	none			unverified	low	https://www.whiskybase.com/whiskies/brand/85673/the-speaker?language=en	Blended Scotch whisky, limited information available; 5- and 12-year expressions listed on Whiskybase. No peat/smoke character found in available sources, hence low confidence despite the citation.	speaker|the speaker	4	Speaker
yoichi	Yoichi	distillery	JP			Nikka Whisky Distilling	single malt	medium			unverified	low	https://nonjatta.blogspot.com/search?q=yoichi+peat https://en.wikipedia.org/wiki/Yoichi_distillery	Nikka's original 1934 Hokkaido distillery, coal-fired direct-flame stills; traditionally the peatier/smokier half of Nikka's pair (vs Miyagikyo). Wikipedia's own distillery article is a peat-silent stub; the only citation reachable this session is a Nonjatta blog search hit titled "Yoichi 12 - fruit and peat" -- real but weak evidence. Official Nikka pages, distiller.com, dekanta.com and whisky.com/whiskybase were all blocked (403/404/cert errors) this session. Set medium rather than heavy since Yoichi is generally described as less extreme than Islay's heaviest malts, but a human should re-verify against a stronger source. One of this batch's highest-value rows per the brief.	yoichi	4	Yoichi
big-moustache	Big Moustache	blend	US					unknown			unverified	unknown		Catalogue lists this same name 3 times with inconsistent country/type (DE/blend, US/rye, US/blend); countryCode=US taken as the majority value, not a confirmed fact. No producer identified this session.	big moustache	3	Big Moustache
cedar-ridge	Cedar Ridge	distillery	US					none			unverified	low	https://en.wikipedia.org/wiki/Irish_whiskey	Iowa craft distillery; range spans bourbon and wheat whiskey per samples (defaultTypeName left empty). Could not load their own site this session (DNS/403 errors on several domain guesses). Peat=none per general American-whiskey category norm (cited page: peat rarely used outside Scotland), confidence kept low since not distillery-specific.	cedar ridge	3	Cedar Ridge ; Cedar Ridge Iowa ; Cedar Ridge Wheat
clan-campbell	Clan Campbell	blend	GB-SCT				blend	none			unverified	low	https://thewhiskeywash.com/scotch-whiskey/from-mild-to-wild-understanding-peat-levels-in-scotch-whisky/	Established mass-market blended Scotch, popular in continental Europe. Ownership not verified this pass (attempted lookup of La Martiniquaise's brand list did not include it, so owner left empty rather than guessed); treated as unpeated per the ordinary blended-Scotch default.	clan campbell	3	Clan Campbell ; Clan Campbell Dark
crabbie	Crabbie	blend	GB-SCT				blend	none			unverified	low	https://en.wikipedia.org/wiki/Scotch_whisky	John Crabbie & Co blended Scotch; commonly attributed to Halewood International but not verified this session (dedicated Wikipedia page 404'd), so owner left empty. "Crabbie and Cree" sample is unclear - possibly a set or a specific SKU name - not further resolved. Peat=none per ordinary-blend category norm.	crabbie|crabbie cree|john crabbie	3	Crabbie and Cree ; Crabbie&Cree ; John Crabbie
egans	Egan's	blend	IE					none			unverified	low	https://en.wikipedia.org/wiki/Whisky	Irish whiskey range (Vintage Grain, Fortitude, Legacy Reserve). No Wikipedia article found this session confirming producer/ownership; general knowledge points to P. & H. Egan Ltd (Tullamore) but this is unverified this session, left owner empty. Category default applied for peat (Irish whiskey almost always unpeated).	egans	3	Egan's Fortitude ; Egan's Legacy Reserve Series III ; Egan's Vintage Grain
hakushu	Hakushu	distillery	JP			Suntory	single malt	light			unverified	low	https://en.wikipedia.org/wiki/Hakushu_distillery	Suntory's "forest distillery" in Yamanashi. Source lists a "Heavily Peated" 2013 limited series as distinct from the core range (which includes the "Distiller's Reserve" in this batch's sample), implying the standard range is milder - but the source does not explicitly grade the core range's own peat level, so this is an inference. Recorded as light with low confidence rather than none, since Hakushu's standard style is commonly described as having a faint smokiness distinct from Yamazaki's unpeated style.	hakushu|the hakushu	3	Hakushu ; Hakushu Distiller's Reserve ; The Hakushu Suntory Distiller's Reserve
hatozaki	Hatozaki	blend	JP					unknown			unverified	unknown		Japanese blended/blended-malt whisky (believed Kaikyo Distillery/Akashi, per general knowledge); no Wikipedia article found this session (0 search hits) and no official-site fetch attempted after repeated API rate-limiting. Left unresearched, flag for another pass.	hatozaki	3	Hatozaki ; Hatozaki Kaikyo ; Hatozaki Triple Cask Reserve
kentucky-jack	Kentucky Jack	blend	US					unknown			unverified	low		Own-label American-style whiskey, no web presence found; fast-tracked per own-label rule (3 near-identical sample names, name evokes Jack Daniel's).	kentucky jack	3	Kentucky Jack
kindilan	Kindilan	blend	CA					unknown			unverified	low		Product names explicitly say 'Канадіан' (Canadian), the basis for countryCode=CA; no other information found this session	kindilan	3	Kindilan ; Kindilan Канадіан
lagg	Lagg	distillery	GB-SCT	islands	highland	Isle of Arran Distillers Ltd	single malt	heavy			unverified	high	https://en.wikipedia.org/wiki/Lagg_distillery	Arran's second distillery (opened 2019), a separate physical site from Arran/Lochranza - built specifically to produce a heavily peated style (50ppm Highland peat), unlike unpeated Arran. Region islands/legalRegion highland per the same Arran convention as Tobermory.	lagg	3	Lagg Corriecravie ; Lagg Kilmory ; Lagg Small Batch Palo Cortado Finish
longrow	Longrow	brand	GB-SCT	campbeltown	campbeltown	J&A Mitchell & Company	single malt	heavy	springbank		unverified	high	https://en.wikipedia.org/wiki/Springbank_(distillery)	Springbank's heavily-peated, double-distilled sibling brand (named directly in the brief's own sibling-pair list). Cited article: "Longrow Single Malt is a highly peated, double-distilled whisky".	longrow	3	Longrow
lord-elcho	Lord Elcho	blend	GB-SCT				blend	unknown			unverified	low		Believed to be associated with the Wemyss family (name matches the Earl of Wemyss's courtesy title, and the family runs Wemyss Malts/Kingsbarns distillery), but no citation could be opened this session confirming producer or peat level -- Wikipedia has no article and other searches returned nothing relevant. bottlerSlug intentionally left empty pending verification (contrast peat-chimney/spice-king, where the Wemyss link is well-established general knowledge).	lord elcho	3	Lord Elcho ; Lord Elcho Premium
maen	Maen	blend						unknown			unverified	unknown		No identifiable web presence found under any spelling tried. Input gives only the bare name "Maen" three times with no distinguishing sample product name, so origin, type and owner could not be determined.	maen	3	Maen
meikle-toir	Meikle Toir	blend	XX					unknown			unverified	unknown		No web presence found this session. Name reads Scots/Gaelic ("Meikle" = great/large) but one sample variant is "The Chinquapin" (chinquapin oak is a cask type mainly associated with American craft whiskey), so country/origin is genuinely ambiguous - left unknown rather than guessed.	meikle toir	3	Meikle Toir The Chinquapin ; Meikle Toir The Original ; Meikle Toir The Sherry
ry3	RY3	blend	XX					unknown			unverified	unknown		Catalogue samples (Cigar Series, Cask Strength, Madeira Cask Strength) suggest a small craft/private rye-style label. No Wikipedia page or other citable source found this session; country and category undetermined.	ry3	3	RY3 Cask Cask Strength ; RY3 Cigar Series ; RY3 Madeira Cask Strength
stronachie	Stronachie	blend	GB-SCT				blend	unknown		dewar-rattray	unverified	low		Dewar Rattray's own recreated blended-malt brand, named after a long-closed distillery not present in the Wikipedia operating-distilleries authority file; no further citation found this session.	stronachie	3	Dewar Rattray Stronachie ; Dewar Rattray Stronachie Small Batch
the-charles-house	The Charles House	blend					blend	none			unverified	low	https://en.wikipedia.org/wiki/Blended_whiskey	No web presence found (Wikipedia search empty). All 3 samples are just 'Charles House' with no other descriptor. Treated as an ordinary own-label blend per the brief's long-tail rule; country left unknown rather than guessed.	charles house|the charles house	3	Charles House
wise-salmon	Wise Salmon	blend	XX					unknown			unverified	low		No web presence found this session; country and style could not be identified.	wise salmon	3	Wise Salmon
yakusun	Yakusun	blend	XX					unknown			unverified	unknown		Samples (Yuzu, Classic, Passion Fruit) read as a flavoured whisky-based drink rather than a conventional Scotch/Japanese whisky; zero Wikipedia search hits. Likely a fantasy/evocative brand name for the Eastern European market rather than an actual Japanese producer -- left fully unknown rather than assume Japan from the name alone.	yakusun	3	Yakusun Classic ; Yakusun Passion Fruit ; Yakusun Yuzu
15-stars	15 Stars	blend						unknown			unverified	unknown		No web presence found. Naming pattern ('Platinum', 'First West') gives no clear nationality signal, so left unclassified rather than guessed.	15 stars	2	15 Stars First West ; 15 Stars Platinum
alexander	Alexander	blend	XX					unknown			unverified	unknown		Could not identify producer despite research; only Alexander Aqva Di Vita Amarone Cask Finish sample available. Possibly Italian or generic European. Flag for reviewer.	alexander	2	Alexander ; Alexander Aqva Di Vita Amarone Cask Finish
back-to-black	Back to Black	blend						unknown			unverified	unknown		No information found this session; samples are 'Back to Black' / 'The Story of Back to Black' - own-label, origin unclear, not searched (long tail budget)	back to black|the story of back to black	2	Back to Black ; The Story of Back to Black
masthouse	Masthouse	brand	GB-ENG					unknown	copper-rivet		unverified	low	https://en.wikipedia.org/wiki/List_of_whisky_distilleries_in_England	Copper Rivet Distillery's whisky brand (Chatham, Kent) -- confirmed via Wikipedia's list of English whisky distilleries ("Copper Rivet Distillery ... set to launch Masthouse whisky"). defaultTypeName left empty: this batch's own product name says "Column Distilled" (implying a continuous/grain still) while Wikipedia describes the first release as single malt, suggesting the range spans more than one type. No peat statement found (copperrivetdistillery.com returned 403 both times fetched).	masthouse	1	Masthouse Column Distilled
