Jack Daniel's	49	Jack Daniels ; Jack Daniels ; Jack Daniels ; Jack Daniels ; Jack Daniels ; Jack Daniels
Jura	30	Jura ; Jura ; Jura ; Jura ; Jura ; Jura
Dewar's	22	Dewar's ; Dewar's ; Dewar's ; Dewar's ; Dewar's white ; Dewar's white
Cutty Sark	16	Cutty Sark ; Cutty Sark ; Cutty Sark ; Cutty Sark ; Cutty Sark ; Cutty Sark
Glenlivet	13	Glenlivet ; Glenlivet ; Glenlivet XXV ; The Glenlivet ; The Glenlivet ; Glenlivet 1980's
Tobermory	11	Tobermory ; Tobermory ; Tobermory ; Tobermory ; Tobermory Core Range ; Tobermory Vintage 1996
Wilson & Morgan	10	Wilson & Morgan Westport ; Caol Ila 1995 Barrel Selection ; Wilson & Morgan Benrinnes PX Finish ; Wilson & Morgan Bowmore Sherry Wood ; Wilson & Morgan Glen Moray Port Cask ; Wilson & Morgan Speybridge PX Finish
Compass Box	8	Compass Box Hedonism ; Compass Box Nectarosity ; Compass Box Artist Blend ; Compass Box Crimson Cask ; Compass Box Glasgow Blend ; Compass Box Orchard House
Barrell	7	Barrell Vantage ; Barrell Dovetail ; Barrell Seagrass ; Barrell Batch 036 ; Barrell Foundation ; Barrell Rye Batch 004
White Horse	7	White Horse ; White Horse ; White Horse ; White Horse ; White Horse ; White Horse
Highland Chief	6	Highland Chief ; Highland Chief ; Highland Chief ; Highland Chief ; Highland Chief ; Highland Chief
Yellowstone	6	Yellowstone ; Yellowstone Select ; Yellowstone Small Batch ; Yellowstone Rum Cask Finish ; Yellowstone Toasted Staves Finish ; Yellowstone Family Recipe Anniversary
Dufftown Distillery	5	The Singleton of Dufftown ; The Singleton of Dufftown ; The Singleton of Dufftown ; The Singleton of Dufftown ; The Singleton of Dufftown Malt Master
Paddy	5	Paddy ; Paddy ; Paddy ; Paddy Old ; Paddy Old
Drofa	4	Дрофа&Люди Білий Distillate ; Дрофа&Люди Beer Pure Craft Beer Distillate ; Дрофа&Люди Білий Aged on Bourbon Oak Chips ; Дрофа&Люди Білий Aged on American Oak Chips
May Loag	4	May-Loag Oriel ; May-Loag Diamond ; May-Loag Elegance ; May-Loag Triple Wood
Shinobu	4	Shinobu ; Shinobu Mizunara ; Shinobu Mizunara ; Shinobu Daimyo-no Shinobu
Bulleit	3	Bulleit ; Bulleit ; Bulleit 95 Rye
Fujimi	3	Fujimi ; Fujimi Matsui Distillery ; Fujimi The 7 Virtues of the Samurai
Kindilan	3	Kindilan ; Kindilan Канадіан ; Kindilan Канадіан
Proper No. Twelve	3	Proper № Twelve ; Proper No. Twelve ; Proper Twelve Apple
Tyrconnell	3	Tyrconnell ; Tyrconnell Port ; Tyrconnell Madeira
Bastille	2	Bastille 1789 ; Daucourt Bastille №7 1789
Corsaire	2	Corsair Dark Rye ; Corsair Triple Smoke
Grave Digger	2	Grave Digger Berry Metal ; Grave Digger Field of Blood
Johnny Cree	2	Johnny Cree ; Johnny Cree
Miltonduff	2	Miltonduff Vintage 1990 ; Miltonduff 1990 - The First Editions
Ruotker's	2	Ruotker's Ruediger ; Ruotker's Oloroso Sherry Cask
The Story of Back To Black	2	Back to Black ; The Story of Back to Black
1792	1	1792 Small Batch
Bercloux	1	Bercloux
Daddy Rack	1	Daddy Rack Tennessee Straight
Georgia Moon	1	Georgia Moon Corn
Hamiltons	1	Hamiltons
J P Wiser's	1	J.P. Wiser's Tripple Barrel
Marc De Champagne	1	Marc de Champagne
Nc Nean	1	Nc'nean Organic
Old Woody	1	Old Woody
Reki	1	Reki
Shin	1	Shin
The Galtee Mountain Boy	1	The Galtee Mountain Boy
Undone	1	Undone No.3 American Blend Not
