Macallan	98	Macallan ; Macallan 1950 ; Macallan Quest ; Macallan Terra ; The Macallan M ; Macallan Estate
Glenmorangie	85	Glenmorangie ; Glenmorangie ; Glenmorangie ; Glenmorangie ; Glenmorangie X ; Glenmorangie X
Douglas Laing	81	Big Peat ; Douglas Laing Jura ; Douglas Laing Arran ; Douglas Laing Ardmore ; Douglas Laing Beastie ; Douglas Laing Bowmore
Gordon & MacPhail	53	Caol Ila 1985 ; Strathisla 1980 ; Macallan Speymalt ; Gordon & MacPhail Mortlach ; Gordon & MacPhail Glenrothes ; Gordon & MacPhail Ardmore 2003
Jack Daniel's	49	Jack Daniels ; Jack Daniels ; Jack Daniels ; Jack Daniels ; Jack Daniels ; Jack Daniels
Signatory	45	Symington's ; Signatory Mortlach 1991 ; Signatory Unnamed Orkney ; Signatory Ledaig 100 Proof ; Signatory Unnamed Speyside ; Signatory Ardmore 100 Proof
Glenfiddich	44	Glenfiddich ; Glenfiddich ; Glenfiddich ; Glenfiddich ; Glenfiddich ; Glenfiddich
Jim Beam	44	Jim Beam ; Jim Beam ; Jim Beam ; Jim Beam ; Jim Beam Apple ; Jim Beam Apple
TBWC	43	FEW ; Puni ; TBWC ; Helsinki ; Mackmyra ; Paul John
Johnnie Walker	41	Johnnie Walker XR ; Johnnie Walker Red ; Johnnie Walker Red Soul ; Johnnie Walker Red Soul ; Johnnie Walker Red Label ; Johnnie Walker Red Label
Bushmills	37	Bushmills ; Bushmills ; Bushmills ; Bushmills ; Bushmills ; Bushmills
Tomatin	36	Tomatin ; Tomatin ; Tomatin ; Tomatin ; Tomatin ; Legendary Scot
West Cork	36	West Cork ; West Cork ; West Cork ; West Cork IPA Cask ; West Cork Rum Cask ; West Cork Pot Still
Grant's	35	Grants ; Grants ; Grants ; Grants ; Grants Rum Cask
Glenfarclas	34	Glenfarclas ; Glenfarclas ; Glenfarclas ; Glenfarclas ; Glenfarclas ; Glenfarclas
Glen Moray	34	Glen Moray ; Glen Moray ; Glen Moray ; Glen Moray Port ; Glen Moray Smoky ; Glen Moray Peated
Jameson	33	Jameson ; Jameson ; Jameson ; Jameson ; Jameson ; Jameson
Loch Lomond	32	Loch Lomond ; Loch Lomond ; Loch Lomond ; Loch Lomond ; Loch Lomond ; Loch Lomond
Ardbeg	30	Ardbeg ; Ardbeg ; Ardbeg ; Ardbeg ; Ардбег ; Ardbeg Ten
Chivas Regal	30	Chivas Regal ; Chivas Regal ; Chivas Regal ; Chivas Regal ; Chivas Regal ; Chivas Regal
Jura	30	Jura ; Jura ; Jura ; Jura ; Jura ; Jura
Arran	29	Arran ; Arran ; Arran ; Arran ; Arran ; Arran
BenRiach	29	Benriach ; BenRiach ; BenRiach ; BenRiach ; BenRiach ; BenRiach
Bruichladdich	28	Bruichladdich ; Bruichladdich ; Octomore 13.3 ; Bruichladdich Organic ; Black Art 11 Bruichladdich ; Bruichladdich Black Art 11
Dalmore	28	Dalmore ; Dalmore ; Dalmore ; Dalmore ; Dalmore ; Dalmore
Hart Brothers	28	Hart Brothers ; Hart Brothers Girvan ; Hart Brothers Brackla ; Hart Brothers Dalmore ; Hart Brothers Tomatin ; Hart Brothers Benriach
Bunnahabhain	27	Bunnahabhain ; Bunnahabhain ; Bunnahabhain ; Bunnahabhain ; Bunnahabhain ; Bunnahabhain
Wild Turkey	27	Wild Turkey ; Wild Turkey ; Wild Turkey ; Wild Turkey ; Wild Turkey ; Wild Turkey
The Macallan	26	Macallan Colour ; Macallan Colour ; Macallan Colour ; Macallan Colour ; Macallan AERA GB ; The Macallan Enigma
Aberlour	25	Aberlour ; Aberlour ; Aberlour ; Aberlour ; Aberlour ; Aberlour
Glenallachie	25	GlenAllachie ; GlenAllachie ; GlenAllachie ; GlenAllachie ; GlenAllachie ; GlenAllachie
Highland Park	25	Хайленд Парк ; Highland Park ; Highland Park ; Highland Park ; Highland Park ; Highland Park
Lagavulin	25	Lagavulin ; Lagavulin ; Lagavulin ; Lagavulin ; Lagavulin 2004 Release ; Lagavulin 2006 Release
Talisker	24	Talisker ; Talisker ; Talisker ; Talisker ; Talisker ; Talisker
Hyde	23	Hyde №4 ; Hyde №3 1916 ; Hyde №5 1860 ; Hyde №6 1938 ; Hyde №9 1906 ; Hyde No.9 1906
Tullamore Dew	23	Tullamore Dew ; Tullamore Dew ; Tullamore Dew ; Tullamore Dew ; Tullamore Dew ; Tullamore Dew
Dewar's	22	Dewar's ; Dewar's ; Dewar's ; Dewar's ; Dewar's white ; Dewar's white
Nikka	22	Nikka Days ; Nikka Super ; Nikka Super ; Nikka Super ; Nikka Yoichi ; Nikka Yoichi
Scyfion	22	Scyfion ; Scyfion Dailuaine ; Scyfion Aultmore 2006 ; Scyfion Dufftown 2008 ; Scyfion Dailuaine 2007 ; Scyfion Secret Speyside
Balvenie	21	Balvenie ; Balvenie ; Balvenie Montilla ; Balvenie Portwood ; Balvenie PortWood ; Balvenie DoubleWood
Glencadam	20	Glencadam ; Glencadam ; Glencadam ; Glencadam ; Glencadam ; Glencadam Origin 1825
Hankey Bannister	20	Hankey Bannister ; Hankey Bannister ; Hankey Bannister ; Hankey Bannister Regency ; Hankey Bannister Original ; Hankey Bannister Original
Ballantine's	19	Ballantine's ; Ballantine's Wild ; Ballantine's Brasil ; Ballantine's Finest ; Ballantine's Finest ; Ballantine's Finest
Tamnavulin	19	Tamnavulin ; Tamnavulin ; Tamnavulin ; Tamnavulin Speyside ; Tamnavulin Double Cask ; Tamnavulin Sherry Cask
Bladnoch	18	Bladnoch ; Bladnoch ; Bladnoch ; Bladnoch ; Bladnoch ; Bladnoch 2001
Glen Scotia	18	Glen Scotia ; Glen Scotia ; Glen Scotia ; Glen Scotia ; Glen Scotia ; Glen Scotia Harbour
Laphroaig	18	Laphroaig ; Laphroaig ; Laphroaig ; Laphroaig ; Laphroaig ; Laphroaig PX
Royal Salute	18	Royal Salute ; Royal Salute ; Royal Salute ; Royal Salute ; Royal Salute ; Royal Salute Miami Polo
Bowmore	17	Bowmore ; Bowmore ; Bowmore ; Bowmore ; Bowmore ; Bowmore
Isle of Jura	17	Jura ; Jura ; Jura ; Isle of Jura ; Isle of Jura ; Isle of Jura
Kavalan	17	Kavalan ; Kavalan Lan ; Kavalan 2016 ; Kavalan 2017 ; Kavalan Podium ; Kavalan Classic
Mars	17	Mars IWAI ; Mars Cosmo ; Mars Kasei ; Mars Tsunuki ; Mars The Y.A #1 ; Mars Maltage Cosmo
Cutty Sark	16	Cutty Sark ; Cutty Sark ; Cutty Sark ; Cutty Sark ; Cutty Sark ; Cutty Sark
Glendronach	16	Glendronach ; Glendronach ; Glendronach ; Glendronach Forgue ; GlenDronach Peated ; Glendronach Parliament
Glengoyne	16	Glengoyne ; Glengoyne ; Glengoyne ; Glengoyne ; Glengoyne ; Glengoyne
Glen Grant	16	Glen Grant ; Glen Grant ; Glen Grant ; Glen Grant ; Glen Grant ; Glen Grant
Teeling	15	Teeling ; Teeling ; Teeling Amber Ale ; Teeling Blackpitts ; Teeling Stout Cask ; Teeling Belgian Ale
Tomintoul	15	Tomintoul ; Tomintoul ; Tomintoul ; Tomintoul Peaty ; Tomintoul Oloroso ; Monologue Tomintoul
Caol Ila	14	Caol Ila ; Caol Ila ; Caol Ila ; Caol Ila ; Caol Ila Moch ; Caol Ila White Porto
Label 5	14	Label 5 ; Label 5 ; Label 5 ; Label 5 Classic Black ; Label 5 Classic Black ; Label 5 Classic Black
The Glenlivet	14	The Glenlivet ; The Glenlivet ; The Glenlivet ; The Glenlivet ; The Glenlivet ; The Glenlivet
The Lost Distillery	14	The Lost Lossit ; The Lost Jericho ; The Lost Dalaruan ; The Lost Towiemore ; The Lost Stratheden ; The Lost Distillery Stratheden
Wemyss Malts	14	The Hive Wemyss Malts ; The Hive Wemyss Malts ; The Hive Wemyss Malts ; Wemyss Malts The Hive ; Wemyss Malts The Hive ; Spice King Wemyss Malts
Akashi	13	Akashi ; Akashi Red ; Akashi Meisei ; Akashi Sherry ; Akashi Sherry ; Akashi Red Wine
Amrut	13	Amrut ; Amrut Fusion ; Amrut Peated ; Amrut Kadhambam ; Amrut Portonova ; Amrut Raj Igala
Artist	13	Ardmore ; Karuizawa Artist #13 1999 ; Artist Caol Ila Artist #10 ; Artist Macallan Artist #14 ; Artist Bowmore Artist #12 2001 ; Artist Linkwood Artist #15 1995
Chivas	13	Chivas Regal ; Chivas Regal ; Chivas Regal ; Chivas Regal ; Chivas Regal ; Chivas Regal
Edradour	13	Edradour ; Edradour ; Edradour Caledonia ; Edradour Caledonia ; Edradour Enigma No.1 ; Edradour Sherry Cask
Glenlivet	13	Glenlivet ; Glenlivet ; Glenlivet XXV ; The Glenlivet ; The Glenlivet ; Glenlivet 1980's
Scottish Leader	13	Scottish Leader ; Scottish Leader ; Scottish Leader ; Scottish Leader ; Scottish Leader ; Scottish Leader
Slyrs	13	Slyrs ; Slyrs ; Slyrs Classic ; Slyrs Fifty-One ; Slyrs Bavarian RYE ; Slyrs Bavarian PEAT
Tullibardine	13	Tullibardine ; Tullibardine ; Tullibardine Sovereign ; Tullibardine The Murray ; Tullibardine Vintage 1991 ; Tullibardine Sherry Finish
& Whisky	13	Umiki ; Kura The ; Lord Moisans ; Lord Moisans ; Scottish Piper ; MacKinlay's Old
Benromach	12	Benromach ; Benromach ; Benromach ; Benromach ; Benromach Organic ; Benromach Heritage
Four Roses	12	Four Roses ; Four Roses ; Four Roses ; Four Roses ; Four Roses ; Four Roses
Highland Queen	12	Highland Queen ; Highland Queen ; Highland Queen ; Highland Queen ; Highland Queen ; Highland Queen
Old & Rare	12	Old & Rare Arran ; Old & Rare Dufftown ; Old & Rare Glenturret ; Old & Rare Bunnahabhain ; Old & Rare Glen Garioch ; Old & Rare Higland Park
Atom	11	Macduff ; Longmorn ; Heaven Hill ; World Blend ; Atom Irish #1 ; Atom Irish #2
Cadenhead	11	Cadenhead Tomatin ; Cadenhead Benriach ; Cadenhead Burnside ; Cadenhead Auchroisk ; Cadenhead Ben Nevis ; Cadenhead's 7 Stars
Deanston	11	Deanston ; Deanston ; Deanston ; Deanston Organic ; Deanston Virgin Oak ; Deanston Vintage 1994
Kilchoman	11	Kilchoman Sanaig ; Kilchoman Loch Gorm ; Kilchoman Machir Bay ; Kilchoman Port Cask Matured ; Kilchoman Islay 14th Edition ; Kilchoman Islay 15th Edition
Old Pulteney	11	Old Pulteney ; Old Pulteney ; Old Pulteney ; Old Pulteney ; Old Pulteney ; Old Pulteney Harbor
Paul John	11	Paul John PX ; Paul John Bold ; Paul John Kanya ; Paul John Peated ; Paul John Classic ; Paul John Mithuna
Tamdhu	11	Tamdhu ; Tamdhu ; Tamdhu ; Tamdhu ; Tamdhu ; Tamdhu Ambar
Tobermory	11	Tobermory ; Tobermory ; Tobermory ; Tobermory ; Tobermory Core Range ; Tobermory Vintage 1996
William Lawson's	11	William Lawson's ; William Lawson's ; William Lawson's ; William Lawson's ; William Lawson's ; William Lawson's
Aberfeldy	10	Aberfeldy ; Aberfeldy ; Aberfeldy ; Aberfeldy ; Aberfeldy Cadillac ; Aberfeldy Gold Bar
Arlett	10	Arlett ; Arlett Tourbe ; Arlett Explorer ; Arlett Original ; Arlett FFD Mizunara ; Arlett FFD Rhum Barbade
Black Ram	10	Black Ram ; Black Ram ; Black Ram ; Black Ram ; Black Ram ; Black Ram Bourbon Finish
Dunville's	10	Dunville's PX ; Dunville's PX ; Dunville's 1808 ; Dunvilles Blend ; Dunvilles Oloroso ; Dunville's Dead Island
Glen Talloch	10	Glen Talloch ; Glen Talloch ; Glen Talloch ; Glen Talloch ; Glen Talloch ; Glen Talloch
Glen Turner	10	Glen Turner ; Glen Turner ; Glen Turner Heritage ; Glen Turner Double Cask ; Glen Turner Sherry Cask ; Glen Turner Triple Cask
Maltbarn	10	Tullibardine 2016 ; Maltbarn Ben Nevis 2012 ; Maltbarn Inchgower 1997 ; Maltbarn Glenburgie 2003 ; Maltbarn Islay Malt 2009 ; Maltbarn Blair Athol 1988
M H	10	Classic M&H Distillery ; M&H Elements Sherry Cask ; M&H Elements Red Wine Cask ; Elements Peated Malt M&H Distillery ; Elements Peated Malt M&H Distillery ; Elements Sherry Cask M&H Distillery
Mossburn	10	Mossburn Island ; Mossburn Speyside ; Mossburn №1 Vintage Casks ; Mossburn Vintage casks Glen spey ; Mossburn Vintage Casks №8 Dufftown ; Mossburn Vintage Casks №16 Mannochmore
Penderyn	10	Penderyn Celt ; Penderyn Myth ; Penderyn Legend ; Penderyn Peated ; Penderyn Hiraeth ; Penderyn Celt Wales
Rebel	10	Rebel ; Rebel 100 ; Rebel KSBW ; Rebel Full Proof ; Rebel Single Barrel ; Rebel 100 Proof Wheated
Spey	10	Spey ; Spey ; Spey ; Spey ; Spey Tenne ; Spey Fumare
Tenjaku	10	Tenjaku ; Tenjaku ; Tenjaku ; Tenjaku ; Tenjaku ; Tenjaku
Whyte Mackay	10	Whyte & Mackay ; Whyte & Mackay ; Whyte & Mackay ; Whyte & Mackay ; Whyte & Mackay ; Whyte & Mackay 1980's
Wilson & Morgan	10	Wilson & Morgan Westport ; Caol Ila 1995 Barrel Selection ; Wilson & Morgan Benrinnes PX Finish ; Wilson & Morgan Bowmore Sherry Wood ; Wilson & Morgan Glen Moray Port Cask ; Wilson & Morgan Speybridge PX Finish
Agitator	9	Agitator ; Agitator ; Agitator Rok ; Agitator Chestnut Cask ; Agitator The Swedish Blend ; Agitator Argument Sherry Butt
Artist Collective	9	Ardmore ; Caol Ila ; Ben Nevis ; Glen Elgin ; Artist Collective Glen Ord ; Artist Collective Linkwood
Ezra Brooks	9	Ezra Brooks ; Ezra Brooks ; Ezra Brooks 99 Proof ; Ezra Brooks 99 Proof ; Ezra Brooks Black Label ; Ezra Brooks Black Label
Glendale	9	Glendale ; Glendale ; Glendale ; Glendale ; Glendale ; Glendale
John Barr	9	John Barr ; John Barr ; John Barr ; John Barr ; John Barr Reserve ; John Barr Reserve
Ledaig	9	Ledaig ; Ledaig ; Ledaig ; Ledaig ; Ledaig Triple Wood ; Ledaig Fill Oloroso
Michter's	9	Michter's ; Michter's ; Michter's Sour Mash ; Michter's Unblended ; Michter's US 1 Small Batch ; Michter's Barrel Strength Rye
Smokehead	9	Smokehead ; Smokehead ; Smokehead Rum Riot ; Smokehead Rum Rebel ; Smokehead High Voltage ; Smokehead Twisted Stout
Templeton Rye	9	Templeton Rye ; Templeton Rye ; Templeton Fortitude ; Templeton Rye Stout Cask ; Templeton Rye Sherry Cask ; Templeton Rye Barrel Strength
The Quiet Man	9	The Quiet Man ; The Quiet Man ; The Quiet Man ; The Quiet Man ; The Quiet Man ; The Quiet Man
Auchentoshan	8	Auchentoshan ; Auchentoshan Dark Oak ; Auchentoshan Blood Oak ; Auchentoshan Three Wood ; Auchentoshan Three Wood ; Auchentoshan American Oak
Black Velvet	8	Black Velvet ; Black Velvet ; Black Velvet ; Black Velvet ; Black Velvet Reserve ; Black Velvet Reserve
Blanton's	8	Blanton's Gold ; Blanton's Original ; Blanton's Gold Edition ; Blanton's Silver Edition ; Blanton's Original Single Barrel ; Blanton's Gold Edition 2023 Release
Chivas Brothers	8	Chivas Regal ; Chivas Regal ; Chivas Regal ; Chivas Regal ; Royal Salute ; Chivas Regal The Icon
Coalition	8	Coalition Barrel Proof ; Coalition Barrel Proof ; Coalition Margaux Barriques ; Coalition Margaux Barriques ; Coalition Pauillac Barriques ; Coalition Pauillac Barriques
Compass Box	8	Compass Box Hedonism ; Compass Box Nectarosity ; Compass Box Artist Blend ; Compass Box Crimson Cask ; Compass Box Glasgow Blend ; Compass Box Orchard House
Glendalough	8	Glendalough ; Glendalough Double Barrel ; Glendalough Pot Still Peated ; Glendalough Mizunara Cask Finish ; Glendalough Single Cask Madeira Finish ; Glendalough Single Cask Burgundy Finish
Glenrothes	8	Glenrothes ; Glenrothes ; Glenrothes ; Glenrothes Jurancon ; Glenrothes 1972 Vintage ; Glenrothes 1978 Vintage
Koval	8	Koval ; Koval Millet ; Koval Rye Maple ; Koval Single Barrel ; Koval Rye Single Barrel ; Koval Rye Bottled in Bond
Monkey Shoulder	8	Monkey Shoulder ; Monkey Shoulder ; Monkey Shoulder ; Monkey Shoulder ; Monkey Shoulder Smokey ; Monkey Shoulder The original
Murray Mcdavid	8	Murray McDavid Mortlach ; Macallan 1968 Mission (Murray McDavid) ; Bunnahabhain 1976 Mission (Murray McDavid) ; Caol Ila 1980 Jim McEwan's Celtic Heartlands ; Murray McDavid Alainn (Bowmore Laphroaig) 1989 Sherry ; Murray McDavid Air Leth (Bowmore Caol ila Laphroaig North British) 1988
Oban	8	Oban ; Oban ; Oban ; Oban ; Oban Little Bay ; Oban Distillers Edition
Redbreast	8	Redbreast ; Redbreast ; Redbreast ; Redbreast Aged ; Redbreast Lustau ; Redbreast Cask Strength
Singleton	8	Singleton of Glen Ord ; Singleton of Glen Ord ; The Singleton of Dufftown ; The Singleton of Dufftown ; The Singleton of Dufftown ; The Singleton of Dufftown
Suntory	8	Suntory AO ; Suntory Toki ; Suntory Toki ; Hibiki Harmony ; Suntory Hakushu ; The Chita Suntory
Teacher's	8	Teacher's ; Teacher's ; Teacher's ; Teacher's Highland Cream ; Teacher's Highland Cream ; Teacher's Highland Cream
The Irishman	8	The Irishman ; The Irishman ; The Irishman ; The Irishman Harvest ; The Irishman Harvest ; The Irishman Harvest
The Pogues	8	The Pogues ; The Pogues ; The Pogues ; The Pogues West Cork ; The Pogues West Cork ; The Pogues West Cork
William Peel	8	William Peel ; William Peel ; William Peel ; William Peel ; William Peel ; William Peel Glen Rogers
Writers Tear's	8	Writers Tears ; Writers Tear's Double Oak ; Writers Tears Cask Strenght ; Writers Tears Mizunara Finish ; Writers Tear's Irish Miniatures ; Writers Tears Marsala Cask Finish
Balblair	7	Balblair ; Balblair ; Balblair ; Balblair ; Balblair ; Balblair 1989 Vintage
Barrell	7	Barrell Vantage ; Barrell Dovetail ; Barrell Seagrass ; Barrell Batch 036 ; Barrell Foundation ; Barrell Rye Batch 004
Bell's	7	Bell's Spiced ; Bell's Original ; Bell's Original ; Bell's Original ; Bell's Original ; Bell's Original
Cailleach	7	Cailleach ; Cailleach ; Cailleach ; Cailleach ; Cailleach ; Cailleach
Connemara	7	Connemara ; Connemara ; Connemara Peated ; Connemara Original ; Connemara Original (Peated) ; Connemara Distillers Edition
Deveron	7	The Deveron ; The Deveron ; Glen Deveron ; Glen Deveron ; Glen Deveron ; Glen Deveron 1987
Dewar Rattray	7	Dewar Rattray Cask Islay ; Dewar Rattray Stronachie ; Dewar Rattray Stronachie ; Dewar Rattray Cask Speyside ; Dewar Rattray Glenrothes 1986 ; Dewar Rattray Auchentoshan 1998
Evan Williams	7	Evan Williams 1783 ; Evan Williams Black ; Evan Williams Bottled in Bond ; Heaven Hill Distilleries Evan Williams Fire ; Heaven Hill Distilleries Evan Williams Honey ; Heaven Hill Distilleries Evan Williams Cherry
Heaven Hill	7	Old Style White ; Heaven Hill Old Style ; Heaven Hill Rittenhouse ; Heaven Hill Old Style White ; Heaven Hill Brands Rittenhouse ; Heaven Hill Distilleries Old Style White
Hinch	7	Hinch ; Hinch Peated ; Hinch Double Wood ; Hinch Small Batch ; Hinch Sherry Finish ; Hinch Distillers Cut
Hunting Lodge	7	Hunting Lodge ; Hunting Lodge ; Hunting Lodge ; Hunting Lodge ; Hunting Lodge ; Hunting Lodge
Isle of Skye	7	Isle of Skye ; Isle of Skye ; Isle of Skye ; Isle Of Skye ; Ian Macleod Distillers Isle of Skye ; Talisker From the Oldest Distillery on the Isle of Skye
Maker's Mark	7	Maker's Mark ; Maker's Mark ; Maker's Mark ; Maker's Mark ; Maker's Mark 46 ; Maker's Mark 46
Sierra Norte	7	Sierra Norte Black Corn ; Sierra Norte White Corn ; Sierra Norte Purple Corn ; Sierra Norte Yellow Corn ; Sierra Norte Black Corn Single Barrel Mexican ; Sierra Norte White Corn Single Barrel Mexican
Speyburn	7	Speyburn ; Speyburn ; Speyburn Bourbon Cask ; Speyburn Bradan Orach ; Speyburn Bradan Orach ; Speyburn Rum Cask Finish
Starward	7	Starward Nova ; Starward Fortis ; Starward Solera ; Starward Left-Field ; Starward Tawny Cask ; Starward Peated Finish
Togouchi	7	Togouchi ; Togouchi ; Togouchi ; Togouchi Kiwami ; Togouchi Peated ; Togouchi Premium
White Horse	7	White Horse ; White Horse ; White Horse ; White Horse ; White Horse ; White Horse
Widow Jane	7	Widow Jane ; Widow Jane ; Widow Jane Decadence ; Widow Jane Paradigm Rye ; Widow Jane Apple Wood Rye ; Widow Jane Rye Mash American Oak Aged
Amahagan	6	Amahagan Edition №1 ; Amahagan Yamazakura Wood Finish ; Amahagan Edition №5 Sherry Cask Finish ; Amahagan Edition №2 Red Wine Wood Finish ; Amahagan Edition №3 Mizunara Wood Finish ; Amahagan Edition No.2 Red Wine Wood Finish
AnCnoc	6	anCnoc ; anCnoc ; anCnoc ; AnCnoc Knockdhu ; AnCnoc 1975 Knockdhu ; AnCnoc Sherry Peated
Armorik	6	Armorik ; Armorik ; Armorik Classic ; Armorik Yeun Elez ; Armorik Sherry Cask ; Armorik Double Maturation
Boulder	6	Boulder ; Boulder New ; Boulder Peated Malt ; Boulder Bottled in Bond ; Boulder Spirits-Bottled in Bond ; Boulder American Port Cask Finish
Canadian Club	6	Canadian Club ; Canadian Club ; Canadian Club ; Canadian Club ; Canadian Club ; Canadian Club
Cragganmore	6	Cragganmore ; Cragganmore ; Cragganmore Vintage 1991 ; Cragganmore Vintage 1997 ; Cragganmore Distillers Edition ; Cragganmore Distillers Edition 2023
Dailuaine	6	Dailuaine ; Dailuaine Black Doctor ; Dailuaine Vintage 1997 ; Dailuaine Flora and Fauna ; Dailuaine 1st fll Oloroso Sherry (Bodega) ; Dailuaine 1st fill Bourbon Hogshead The Yellow Edition
Dalwhinnie	6	Dalwhinnie ; Dalwhinnie The Gentle Spirit ; Dalwhinnie Distillers Edition ; Dalwhinnie Distillers Edition 2023 ; Dalwhinnie 1991 The Distillers Edition D.SQ.312 Double Matured Special Release ; Dalwhinnie 1997 The Distillers Edition D.SU.312 Double Matured Special Release
Darkness!	6	Darkness! Darkness ; Darkness! Darkness! Strathisla ; Darkness! Darkness! Campbeltown ; Darkness! Darkness Bowmore Moscatel Cask Finish ; Darkness! Darkness Linkwood Oloroso Cask Finish ; Darkness! Darkness Strathisla Moscatel Cask Finish
Fauconnier	6	O'Brian Fauconnier ; O'Brian Fauconnier ; Fauconnier Hunting Lodge ; Fauconnier Hunting Lodge ; Fauconnier Hunting Lodge ; Fauconnier Highland's Friends
Fercullen	6	Fercullen ; Fercullen ; Fercullen Falls ; Fercullen The Gate Amarone Cask ; Fercullen Falls Irish Small Batch ; Fercullen Estate 3 The Gate Amarone Cask Influence
Fettercairn	6	Fettercairn ; Fettercairn ; Fettercairn ; Fettercairn Koval Cask ; Fettercairn Vintage 1995 ; Fettercairn Koval/Brandy vs Porto Cask
Glenglassaugh	6	Glenglassaugh ; Glenglassaugh ; Glenglassaugh Portsoy ; Glenglassaugh Sandend ; Glenglassaugh Rare Cask 1967 #1114-1 1967 ; Glenglassaugh Rare Cask #2230 PX Sherry 1968
Grace O Malley	6	Grace O'Malley ; Grace O'Malley Rum Cask ; Grace O'Malley Stout Cask ; Grace O'Malley Maritime Cask ; Grace O'Malley Dark Char Cask ; Grace O'Malley Independence Edition
Highland Chief	6	Highland Chief ; Highland Chief ; Highland Chief ; Highland Chief ; Highland Chief ; Highland Chief
Highland Mist	6	Highland Mist ; Highland Mist ; Highland Mist ; Highland Mist ; Highland Mist ; Highland Mist Loch Lomond
High West	6	High West ; High West Campfire ; High West Double Rye ; High West Double Rye ; High West Rendezvous Rye ; High West American Prairie
Kingsbarns	6	Kingsbarns ; Kingsbarns ; Kingsbarns Doocot ; Kingsbarns Balcomie ; Kingsbarns Coaltown ; Kingsbarns Falkland
Lakes	6	Lakes Equinox ; Lakes Galaxia ; Lakes Resfeber ; Lakes Nostalgia ; Lakes Signature ; Lakes Whiskymakers Reserve No.7
Mac Talla	6	Mac-Talla Flora Peated ; Mac-Talla Strata Morrison ; Mac-Talla Terra Classic Islay ; Mac-Talla Terra Classic Morrison ; Mac-Talla Mara Cask Strength Morrison ; Mac-Talla Flora Lightly Peated Morrison
Maison Des Futailles Spicebox	6	Maison Des Futailles Spicebox ; Maison des Futailles Spicebox Pumpkin ; Maison des Futailles Spicebox Chocolat ; Maison des Futailles Spicebox Cinnamon ; Maison des Futailles Spicebox Ginger Bread ; Maison des Futailles Spicebox Canadian Spiced
Midleton	6	Midleton Very Rare ; Midleton Barry Crockett ; Midleton Barry Crockett Legacy ; Midleton Very Rare 40th Anniversary ; Midleton Very Rare 2022 Vintage Release ; Midleton Very Rare Barry Crockett Legacy
Mortlach	6	Mortlach ; Mortlach ; Mortlach ; Mortlach Rare Old ; Mortlach Vintage 1991 ; Mortlach Vintage 1996
Old Perth	6	Old Perth ; Old Perth ; Old Perth ; Old Perth Original ; Old Perth Cask Strength ; Old Perth Double Sherry Wood
Penelope	6	Penelope Rose ; Penelope Toasted ; Penelope Architect ; Penelope Four Grain ; Penelope Barrel Strength ; Penelope Bourbon Barrel Strength
Pokeno	6	Pokeno Origin ; Pokeno Winter ; Pokeno Discovery ; Pokeno Revelation ; Pokeno Totara Cask ; Pokeno Moscatel Cask
Port Charlotte	6	Port Charlotte ; Bruichladdich Port Charlotte ; Bruichladdich Port Charlotte Islay Barley ; Bruichladdich Port Charlotte Islay Barley 2013 ; Bruichladdich Port Charlotte Islay Barley 2014 ; Bruichladdich Port Charlotte Islay Barley 2011/2012
Scots Gold	6	Scots Gold ; Scots Gold ; Red Label Scots Gold ; Scots Gold Red Label ; Black Label Scots Gold ; Scots Gold Black Label
The Singleton of Dufftown	6	The Singleton of Dufftown ; The Singleton of Dufftown ; The Singleton of Dufftown ; The Singleton of Dufftown ; The Singleton of Dufftown Malt Master ; The Singleton of Dufftown Malt Master Selection
Woodford Reserve	6	Woodford Reserve ; Woodford Reserve ; Woodford Reserve Wheat ; Woodford Reserve Double Oaked ; Woodford Reserve Baccarat Edition ; Woodford Reserve Distiller's Select
Yellowstone	6	Yellowstone ; Yellowstone Select ; Yellowstone Small Batch ; Yellowstone Rum Cask Finish ; Yellowstone Toasted Staves Finish ; Yellowstone Family Recipe Anniversary
Allt A Bhainne	5	Allt-A-Bhainne ; Allt-a-Bhainne Vintage 1996 ; Allt-A-Bhainne Pedro Ximenez ; Allt-a-Bhainne - Old Malt Cask ; Allt-A-Bhainne Refill Hogshead
Ardmore	5	Ardmore ; Ardmore Old & Rare ; Ardmore Vintage 1996 ; Ardmore Port Wood Finish ; Gordon & MacPhail Ardmore
Ardnahoe	5	Ardnahoe Bholsa ; Ardnahoe Inaugural ; Ardnahoe Cask Strength ; Ardnahoe Infinite Loch ; Ardnahoe Infinite Loch
Barry Bernard	5	Barry Bernard ; Barry Bernard ; Barry Bernard ; Barry Bernard Honey ; Barry Bernard Spisy
Ben Nevis	5	Ben Nevis ; Ben Nevis Coire Leis ; Ben Nevis Traditional ; Ben Nevis 1962 at Birth ; Ben Nevis Traditional Peated Malt
Benrinnes	5	Benrinnes ; Benrinnes Flora and Fauna ; Hepburn's Choice Benrinnes ; Benrinnes Special Release 2024 ; Mossburn Vintage Casks №11 Benrinnes
Beverbach	5	Beverbach Tri Cask ; Beverbach Sherry Cask Finish ; Beverbach Tequila Cask Finish ; Beverbach Mizunara Cask Finish ; Beverbach Craftbeer Cask Finish
Black Bottle	5	Black Bottle ; Black Bottle ; Black Bottle ; Black Bottle Andean Oak ; Black Bottle Captain's Cask
Blair Athol	5	Blair Athol ; Blair Athol ; Blair Athol ; Blair Athol ; Blair Athol
Breckenridge	5	Breckenridge Blend ; Breckenridge Rum Cask ; Breckenridge PX Cask Finish ; Breckenridge Port Cask Finish ; Breckenridge Distiller's High Proof
Caperdonich	5	Caperdonich ; Caperdonich ; Caperdonich Peated ; Caperdonich Peated ; Caperdonich Peated
Chichibu	5	Chichibu Distillery II ; Chichibu Red Wine Cask ; Chichibu On The Way 2024 ; Chichibu Paris Edition 2024 ; Chichibu Paris Edition 2025
Clynelish	5	Clynelish ; Clynelish ; Clynelish ; Clynelish Vintage 1995 ; Clynelish Special Release 2025
Craigellachie	5	Craigellachie ; Craigellachie ; Craigellachie Kokur ; Hart Brothers Craigellachie ; Craigellachie Armagnac Cask Finish
Douglas Laingcompany	5	Douglas Laing Scallywag ; Douglas Laing The Gauldrons ; Douglas Laing & Co Vintage 1986 ; Douglas Laing & Co Vintage 1993 ; Douglas Laing&Company Jura Vintage 1995
Dufftown Distillery	5	The Singleton of Dufftown ; The Singleton of Dufftown ; The Singleton of Dufftown ; The Singleton of Dufftown ; The Singleton of Dufftown Malt Master
Famous Grouse	5	The Famous Grouse ; The Famous Grouse ; The Famous Grouse ; The Famous Grouse ; Smoky Black The Famous Grouse
Finlaggan	5	Finlaggan Eilean Mor ; Finlaggan Red Wine Cask ; Finlaggan Original Peaty ; Finlaggan Sherry Finished ; Finlaggan Red Wine Cask Matured
Fuyu	5	Fuyu ; Fuyu Barley ; Fuyu Mizunara ; Fuyu Mizunara Finish ; Fuyu Sochu Small Batch Barley
Glen Keith	5	Glen Keith ; Glen Keith ; Glen Keith ; Glen Keith Vintage 1993 ; Glen Keith 1990 Càrn Mòr Celebration of the Cask
Glen Scanlan	5	Glen Scanlan ; Glen Scanlan ; Glen Scanlan ; Glen Scanlan ; Glen Scanlan
Glenshiel	5	Glenshiel ; Glenshiel ; Glenshiel ; Glenshiel ; Glenshiel
Glen Silver's	5	Glen Silver's ; Glen Silver's ; Glen Silver's ; Glen Silver's ; Glen Silver's
Hibiki	5	Hibiki ; Hibiki Harmony ; Hibiki Japanese Harmony ; Hibiki Japanese Harmony Masters Select ; Hibiki Suntory Japanese Harmony MastersSelGB
Highiland Baron	5	Highland Baron ; Highland Baron ; Highiland Baron ; Highiland Baron ; Highiland Baron
Islay Mist	5	Islay Mist ; Islay Mist Deluxe ; Islay Mist Original ; Islay Mist Original ; Islay Mist Original Peated Blend
Kentucky	5	Fordman ; Wiseman ; Benchmark №8 ; Kentucky Walker ; Kentucky Walker
Kyro	5	Kyro Malt Rye ; Kyro Oloroso Malt Rye ; Kyro Peat Smoke Malt Rye ; Kyro Wood Smoke Malt Rye ; Kyro Sauna Stories №2 Apricot Brandy Cask Finish
Macduff	5	Macduff ; Macduff Koval ; Macduff Tokay ; Macduff Bastardo ; Macduff - The First Editions
Milam&greene	5	Milam&Greene Single Barrel ; Milam&Greene Unabridged Blend ; Milam&Greene PXVery Small Batch ; Milam&Greene Port Cask Finish Rye ; Milam&Greene Triple Cask Strength
Old Malt Cask	5	Old Malt Cask Jura ; Old Malt Cask Blair Athol ; Old Malt Cask Auchentoshan ; Braeval 1997 The Old Malt Cask (Hunter Laing) ; Miltonduff 1995 The Old Malt Cask (Hunter Laing)
Paddy	5	Paddy ; Paddy ; Paddy ; Paddy Old ; Paddy Old
Scottish Collie	5	Scottish Collie ; Scottish Collie ; Scottish Collie ; Scottish Collie ; Skottish Collie
Sir Pitterson	5	Sir Pitterson ; Sir Pitterson ; Sir Pitterson Premium ; Sir Pitterson Premium ; Sir Pitterson Premium
Spicebox	5	Spicebox Spiced ; Spicebox Pumpkin ; Spicebox Cinnamon ; Maison des Futailles Spicebox Chocolat ; Maison des Futailles Spicebox Ginger Bread
The Yamazaki	5	The Yamazaki ; The Yamazaki ; The Yamazaki Suntori ; The Yamazaki Distiller's Reserve ; The Yamazaki 100th Anniversary LE 2023
Antiquary	4	Antiquary ; Antiquary ; Antiquary ; Antiquary Red
Bagots	4	BAGOTS Grain Game ; BAGOTS Madeira Cask ; BAGOTS Triple Batch ; BAGOTS White Moscatel Cask
Ballechin	4	Ballechin ; Ballechin ; Ballechin Cask Strength ; Ballechin Cask Strength
Black Bull	4	Black Bull ; Black Bull Kyloe ; Black Bull Peated Finish ; Black Bull Kyloe Sherry Finish
Braes of Glenlivet	4	Braes of Glenlivet ; Braes of Glenlivet ; Braes of Glenlivet ; Douglas Laing Braes of Glenlivet
Carpathian	4	Carpathian Shiraz ; Carpathian Shiraz ; Carpathian Palo Cortado ; Carpathian Palo Cortado
Cattos	4	Cattos ; Cattos ; Cattos ; Catto's Deluxe
Clan MacGregor	4	Clan MacGregor ; Clan MacGregor ; Clan MacGregor ; Clan MacGregor
Claymore	4	Claymore ; Claymore ; Claymore White & Mackay ; Claymore White & Mackay
Crazy Charley	4	Crazy Charley ; Crazy Charley Sour Mash ; Crazy Charley Black Label ; Crazy Charley White Label
Croithli	4	Croithli Sessile ; Croithli Sessile Oak ; Croithli Quercus Alba ; Croithli Quercus Robur
Drofa	4	Дрофа&Люди Білий Distillate ; Дрофа&Люди Beer Pure Craft Beer Distillate ; Дрофа&Люди Білий Aged on Bourbon Oak Chips ; Дрофа&Люди Білий Aged on American Oak Chips
Flora & Fauna	4	Auchroisk ; Glen Spey ; Inchgower ; Mannochmore
GlenAladale	4	GlenAladale Red Edition ; GlenAladale Red Edition ; GlenAladale Blue Edition ; GlenAladale Blue Edition
Glen Angel	4	Glen Angel ; Glen Angel ; Glen Angel ; Glen Angel
Glen Elgin	4	Glen Elgin ; Glen Elgin Bastardo ; Mossburn Vintage Casks No 19 Glen Elgin ; Glen Elgin 1995 The Single Malts of Scotland (Elixir Distillers)
Glenlossie	4	Glenlossie ; Glenlossie ; Glenlossie Vintage 1993 ; Glenlossie Flora and Fauna
J&b	4	J&B Rare ; J&B Rare ; J&B Rare ; J&B Rare
Kilbeggan	4	Kilbeggan ; Kilbeggan ; Kilbeggan ; Kilbeggan Traditional
King's	4	King's 107 ; King's Rye ; King's Wheated ; King's Ryeconic
Knob Creek	4	Knob Creek ; Knob Creek ; Knob Creek ; Knob Creek Original
Knockando	4	Knockando ; Knockando ; Knockando ; Knockando Vintage 1994
Kura	4	Kura White Oak ; Kura White Oak ; Kura the Classic ; Kura Rum Cask Finish Malt
Kurayoshi	4	Kurayoshi ; Kurayoshi ; Kurayoshi Sherry Cask ; The Kurayoshi Tottori
Longmorn	4	Longmorn ; Longmorn ; Longmorn ; Longmorn Vintage 1991
Luxco	4	The Quiet Man ; The Quiet Man ; The Quiet Man ; The Quiet Man Superior Irish Blend
MacArthur's	4	MacArthur's ; MacArthur's ; MacArthur's ; MacArthur's Select
May Loag	4	May-Loag Oriel ; May-Loag Diamond ; May-Loag Elegance ; May-Loag Triple Wood
McConnell's	4	McConnell's ; McConnell's Sherry Cask ; McConnell's Sherry Cask Finish ; McConnell's Restoring the Legend
McIvor	4	McIvor ; McIvor Finest ; McIvor Finest ; McIvor Finest
M&h Elements	4	M&H Elements ; M&H Elements Peated Malt ; M&H Elements Sherry Cask ; M&H Elements Red Wine Cask
Micil	4	Micil Long Walk ; Micil Earls Island SPS ; Micil Madeira Island SPS ; Micil Inverin Small Batch
Mitchell's	4	Blue Spot ; Yellow Spot ; Mitchells Green Spot ; Mitchells Yellow Spot
New Riff	4	New Riff Malted Rye ; New Riff Bottled in Bond ; New Riff Bottled-in-Bond Rye ; New Riff Single Barrel Strength
Oneills	4	O'Neills ; O'Neills Rum Cask Finished ; O'Neills Port Cask Finished ; O'Neills Sherry Cask Finished
Pogues	4	The Pogues ; The Pogues ; The Pogues Honey ; The Pogues Streams Of
Powers	4	Powers Gold Label ; Powers Gold Label ; Powers John's Lane ; Powers Three Swallow
Remus	4	Remus ; Remus Gatsby ; Remus Highest Rye ; Remus Repeal Reserve
Rest&be Thankful	4	Rest&Be Thankful Single Cask Benrinnes ; Rest&Be Thankful SinglCask Bruichladdich ; Rest&Be Thankful SmalBatch #2 Strathenry ; Rest&Be Thankful SmalBatch #3 Finglassie
Restless Pony	4	Restless Pony ; Restless Pony ; Restless Pony Original ; Restless Pony Original
Rossville Union	4	Rossville Union Rye ; Rossville Union Barrel Proof Rye ; Rossville Union Single Barrel Rye ; Rossville Union Bottled in Bond Rye
Scapa	4	Scapa ; Scapa ; Scapa Glansa ; Scapa Skiren
Scarabus	4	Scarabus ; Scarabus ; Scarabus ; Scarabus Batch Strength
Shinobu	4	Shinobu ; Shinobu Mizunara ; Shinobu Mizunara ; Shinobu Daimyo-no Shinobu
Speciality Drinks	4	Port Askaig ; Speciality Drinks Macduff ; Speciality Drinks Teaninich ; Speciality Drinks Speyside Marriage of cask
Stateless	4	Stateless ; Stateless Banana ; Stateless Green Apple ; Stateless Banana Flavored
Teaninich	4	Teaninich ; Teaninich Kokur ; Teaninich Flora and Fauna ; Teaninich Bourbon Hogshead The Yellow Edition
The Ardmore	4	Ardmore ; The Ardmore Legacy ; Ardmore A Marriage of Cask ; Mossburn Vintage Casks No25 Ardmore
The Epicurean	4	Douglas Laing The Epicurean ; The Epicurean Ruby Port Edition ; The Epicurean Tawny Port Finish ; The Epicurean Single Rivesaltes Wine Cask
The Glen Morris	4	The Glen Morris ; The Glen Morris Honey ; The Glen Morris Honey ; The Glen Morris Original
The Gospel	4	The Gospel ; The Gospel ; The Gospel Solera Rye ; The Gospel Solera Rye
Torabhaig	4	Torabhaig Taigh ; Torabhaig Allt Gleann ; Torabhaig The Legacy Series 2017 ; Torabhaig Legacy Series Sound of Sleat
Town Branch	4	Town Branch ; Town Branch ; Town Branch True Cask ; Town Branch Single Barrel
Westward	4	Westward ; Westward Pinot Noir Finish ; Westward Stout Cask Finish ; Westward Single Barrel Belgium Ardennes
Willett	4	Willett Family Estate Rye ; Willett Pot Still Reserve ; Willett Pot Still Reserve ; Willett Pot Still Reserve
Wilton House	4	Wilton House ; Wilton House ; Wilton House Peated ; Wilton House Constable's Iberica
Achill Island	3	Achill Island Distillers ; Achill Island Distillers Peated ; Achill Island Distillers Single Sherry Cask
Angus Dundee	3	Angus Dundee Distillers Glen Parker ; Angus Dundee Distillers Glencadam Origin 1825 ; Angus Dundee Glencadam Reserva de Jerez Oloroso Sherry Cask Finish
Blood Oath	3	Blood Oath Pact 11 2025 ; Blood Oath Pact No.9 LE ; Blood Oath Pact 10 2024 release
Bulleit	3	Bulleit ; Bulleit ; Bulleit 95 Rye
Cedar Ridge	3	Cedar Ridge ; Cedar Ridge Iowa ; Cedar Ridge Wheat
Clan Campbell	3	Clan Campbell ; Clan Campbell ; Clan Campbell Dark
Clan Denny	3	Clan Denny Islay ; Clan Denny Highland ; Clan Denny Speyside
Clonakilty	3	Clonakilty ; Clonakilty Galley Head ; Clonakilty Double Oak Blend
Cooper's Choice	3	Cooper's Choice Dailuaine 2011 Port Wood Finish ; Cooper's Choice Inchgower 2011 Oloroso Cask Finish ; Strathisla 1969 The Coopers Choice (The Vintage Malt)
Crown Royal	3	Crown Royal ; Crown Royal ; Crown Royal
Dalmahoy	3	Dalmahoy Rum Cask Finish ; Dalmahoy Sherry Cask Finish ; Dalmahoy Bourbon Cask Finish
Daviess County	3	Daviess County ; Daviess County French Oak ; Daviess County Cabernet Sauvignon
Drummers Reserve	3	Drummers Reserve ; Drummers Reserve ; Drummers Reserve
Eddu	3	Eddu Grey Rock ; Eddu Silver Pure Buckwheat ; Eddu Silver Broceliande Pure Buckwheat
Egan's	3	Egan's Fortitude ; Egan's Vintage Grain ; Egan's Legacy Reserve Series III
Eiregold	3	Eiregold ; Eiregold Special Reserve ; Eiregold Special Reserve
Elements of Islay	3	Elements of Islay ; Elements of Islay Bourbon Cask ; Bowmore Elements Of Islay BW8 (Elixir Distillers)
Elijah Craig	3	Elijah Craig ; Elijah Craig Small Batch ; Elijah Craig Single Barrel
Evade	3	Evade ; Evade Peated ; Evade Wine Cask Finish
Fujimi	3	Fujimi ; Fujimi Matsui Distillery ; Fujimi The 7 Virtues of the Samurai
Girvan	3	Girvan ; Girvan Patent Still ; Girvan Patent Still №4 Apps
Glenburgie	3	Glenburgie Old & Rare ; Glenburgie Vintage 1992 ; Glenburgie Vintage 1995
Glen Garioch	3	Glen Garioch ; Glen Garioch Faunder's Reserve ; Glen Garioch Founder's Reserve
Glenkinchie	3	Glenkinchie ; Glenkinchie Distillers Edition ; Glenkinchie The Floral Treasure
Glen Ord	3	Glen Ord Vintage 1990 ; Glen Ord Vintage 1997 ; Glen Ord 1973 Rare Malts Selection
Glen Spey	3	Glen Spey Vintage 1997 ; Glen Spey Flora and Fauna ; Glen Spey 2008 Vintage Casks № 27 (Mossburn)
Glentauchers	3	Glentauchers Rare Stock ; Glentauchers Fill Virgin Cask ; Glentauchers Ukrainian Virgin Cask
Goalong	3	Goalong GB ; Goalong Bourbon Barrel ; Goalong Bourbon Barrel&Brandy cask
Hardenberg	3	Hardenberg ; Hardenberg Straight Malt ; Hardenberg Straight Wheat
Hatozaki	3	Hatozaki ; Hatozaki Kaikyo ; Hatozaki Triple Cask Reserve
Hellyers Road	3	Hellyers Road ; Hellyers Road Aurora Australis ; Hellyers Road Original Roaring s Tasmania
James King	3	James King Blend ; James King Blend ; James King Blend
Journeyman Distillery	3	Journeyman Distillery Featherbone ; Journeyman Distillery Corsets Whips& ; Journeyman Distillery Not a King Rye
Kamiki	3	Kamiki Sakura ; Kamiki Intense ; Kamiki Original
Kentucky Jack	3	Kentucky Jack ; Kentucky Jack ; Kentucky Jack
Kindilan	3	Kindilan ; Kindilan Канадіан ; Kindilan Канадіан
King Robert	3	King Robert II ; King Robert II ; King Robert II
King Robert Ii	3	King Robert II ; King Robert II ; King Robert II
Lagg	3	Lagg Kilmory ; Lagg Corriecravie ; Lagg Small Batch Palo Cortado Finish
Lauder's	3	Lauder's ; Lauder's Finest ; Lauder's Finest
Longrow	3	Longrow ; Longrow ; Longrow
Lord Elcho	3	Lord Elcho ; Lord Elcho ; Lord Elcho Premium
Macarthurs	3	MacArthur's ; MacArthur's ; MacArthur's
Maen	3	Maen ; Maen ; Maen
Meikle Toir	3	Meikle Toir The Sherry ; Meikle Toir The Original ; Meikle Toir The Chinquapin
Nikka Whisky	3	Nikka ; Nikka Gold&Gold Kabuto ; Nikka Gold & Gold Samurai
Old Ezra	3	Old Ezra Rye Full Proof ; Old Ezra 7 Barrel Strength ; Old Ezra 7 Bourbon Barrel Strength
Old Virginia	3	Old Virginia ; Old Virginia ; Old Virginia
Pearse	3	Pearse Founders ; Pearse Distillers Blend ; Pearse Lyons Distillery
Peat's Beast	3	Peat's Beast PX Sherry ; Peat's Beast Cask Strength ; Peat's Beast Unchillfiltered
Port Askaig	3	Port Askaig ; Port Askaig ; Port Askaig
Proper No. Twelve	3	Proper № Twelve ; Proper No. Twelve ; Proper Twelve Apple
Quality House	3	Heaven Hill Old Style White ; Heaven Hill Quality House Old Style White ; Heaven Hill Distilleries Quality House Old Style White
Rabbit Hole	3	Rabbit Hole Heigold ; Rabbit Hole Cavehill ; Rabbit Hole Boxergrail
River Proof Series	3	River Proof Series ; River Proof Series ; River Proof Series
Royal Brackla	3	Royal Brackla ; Royal Brackla ; Royal Brackla
Royal Lochnagar	3	Royal Lochnagar ; Royal Lochnagar Vintage 1997 ; Douglas Laing Royal Lochnagar
Ry3	3	RY3 Cigar Series ; RY3 Cask Cask Strength ; RY3 Madeira Cask Strength
Samuel Gelston's	3	Gelston's ; Samuel Gelston's ; Samuel Gelston's
Seagram's	3	Seagram's VO ; 100 Pipers 1970's (Seagram's) ; 100 Pipers 1970's (Seagram's)
Secret Orkney	3	Secret Orkney Madera ; Secret Orkney Refill Sherry ; Secret Orkney Lacryma Christi
Springbank	3	Springbank ; Springbank ; Springbank
The Charles House	3	Charles House ; Charles House ; Charles House
The Gladstone Axe	3	The Gladstone Axe Black ; The Gladstone Axe American Oak ; The Gladstone Axe Malt American Oak
The Kinship	3	The Kinship Bowmore ; The Kinship Caol Ila ; The Kinship Bunnahabhain
The Matsui	3	Matsui The Peated ; The Matsui Sakura cask ; The Matsui Mizunara cask
The Singleton	3	The Singleton of Dufftown Luscious Nectar ; The Singleton Glen Ord Special Release 2025 ; The Singleton of Glendullan Special Release 2023
Tyrconnell	3	Tyrconnell ; Tyrconnell Port ; Tyrconnell Madeira
VAT 69	3	Vat 69 ; Vat 69 ; Vat 69
Westland	3	Westland Peated ; Westland Garryana ; Westland Sherry Wood
Whisky of Voodoo	3	Spirit of Voodoo Blood Moon ; Spirit of Voodoo Mask of Death II ; Spirit of Voodoo The Dancing Cultist II
Whistlepig	3	WhistlePig ; WhistlePig ; WhistlePig Vermont Estate Rye
Wise Salmon	3	Wise Salmon ; Wise Salmon ; Wise Salmon
Yakusun	3	Yakusun Yuzu ; Yakusun Classic ; Yakusun Passion Fruit
15 Stars	2	15 Stars Platinum ; 15 Stars First West
Adelphi	2	Adelphi ; Adelphi Maclean's Nose
Aerstone	2	Aerstone Sea Cask ; Aerstone Land Cask
Alexander	2	Alexander ; Alexander Aqva Di Vita Amarone Cask Finish
Angel's Envy	2	Angel's Envy Port Cask ; Angel's Envy Port Cask Finish
Auchroisk	2	Auchroisk Vintage 1990 ; Auchroisk Flora and Fauna
Ballina	2	Ballina Dubailte Double Distilled ; Ballina Triarach Triple Distilled
Bankhall	2	Bankhall ; Bankhall Distiller's Cut English
Basil Hayden	2	Basil Hayden's ; Basil Hayden Red Wine Cask
Bastille	2	Bastille 1789 ; Daucourt Bastille №7 1789
Bayadera	2	Whiskey and Apple Juice ; Penicillin (Пеніцилін) 11 порцій
Beauchamp	2	Beauchamp ; Beauchamp Triple Grain
Berry Bros.	2	Berry Bros. Lochindaal 2010 Cask #4339 ; Longmorn Cask.71768 Berrys' (Berry Bros and Rudd)
Boone County	2	Boone County Small Batch ; Boone County Founder's Reserve
Brenne	2	Brenne ; Brenne Estate Cask
Bud Spencer	2	Bud Spencer The Legend ; Bud Spencer The Legend Mini
Buffalo Trace	2	Buffalo Trace ; Buffalo Trace
Caisteal Chamuis	2	Caisteal Chamuis ; Caisteal Chamuis
Canada House	2	Canada House ; Canada House
Canmore	2	Canmore ; Canmore
Cardhu	2	Cardhu Amber Rock ; Cardhu Gold Reserve
Catoctin Creek	2	Catoctin Creek Roundstone Rye CP ; Catoctin Creek Rye Distillers Edition
Clydeside	2	Clydeside Napier ; Clydeside Stobcross
Conciere	2	Conciere ; Conciere
Copper Dog	2	Copper Dog ; Copper Dog
Corsaire	2	Corsair Dark Rye ; Corsair Triple Smoke
Crabbie	2	John Crabbie ; Crabbie and Cree
Cu Bocan	2	Cu Bocan ; Tomatin Distillery Tomatin Cu Bocan Signature
David Nicholson	2	David Nicholson 1843 ; David Nicholson Reserve
De Danann	2	De Danann ; De Danann Walsh
D.u.c	2	D.U.C Double Cask ; D.U.C Triple Cask
Eagle Rare	2	Eagle Rare ; Eagle Rare Single Barrel
Fireball	2	Fireball Cinnamon ; Fireball Cinnamon
First Edition	2	First Edition Speyburn ; First Edition Craigellachie
Floki	2	Floki Icelandic Birch Finish ; Floki Sheep Dung Smoked Reserve
Franks Fiddle	2	Franks Fiddle Pineapple ; Franks Fiddle Blackberry
Glenlassie	2	Glenlassie ; Glenlassie
Glen Parker	2	Glen Parker ; Glen Parker
Glen Ryan	2	Glen Ryan ; Glen Ryan
Gordonmacphail	2	Tormore Connoisseurs Choice 1991 Gordon&MacPhail ; Gordon&MacPhail Smith's Glenlivet 1955 Rare Vintage
Grand Moldaviens	2	Grand Moldaviens ; Grand Moldaviens
Grave Digger	2	Grave Digger Berry Metal ; Grave Digger Field of Blood
Great Barrel	2	Great Barrel ; Great Barrel
Great Oaks	2	Great Oaks ; Great Oaks Single Cask
Greenbar	2	Greenbar Slow Hand ; Greenbar Slow Hand Organic
Hakushu	2	Hakushu ; Hakushu Distiller's Reserve
Heaven's Door	2	Heaven's Door Tennessee ; Heaven's Door Double Barrel
High Commissioner	2	High Commissioner ; High Commissioner
Ichiros	2	Wine Wood Reserve ; Ichiro's Malt&Grain
James Kilton	2	James Kilton ; James Kilton
James Wyld	2	James Wyld ; James Wyld Sherry Cask
Jefferson's	2	Jefferson's ; Jefferson's Ocean
Jefferson's Ocean	2	Jefferson's Ocean ; Jefferson's Ocean
Jim Bardett	2	Jim Bardett ; Jim Bardett
Jiu Hai Bu Gan	2	Jiu Hai Bu Gan Meido ; Jiu Hai Bu Gan Craft White
Joe Got A Gun	2	Joe Got a Gun Single Barrel ; Joe Got a Gun 20 Barrels Selection Batch 1
John Lee	2	John Lee Straight Old Reserve ; John Lee Straight American Old Reserve
Johnny Cree	2	Johnny Cree ; Johnny Cree
J.p. Wiser's	2	J.P. Wiser's ; J.P. Wiser's Triple Barrel
Kentucky Owl	2	Kentucky Owl Confiscated ; Kentucky Owl The Wiseman
Kilkerran	2	Kilkerran ; Kilkerran Heavily Peated
King Charles	2	King Charles ; King Charles
Kirkcowan	2	Kirkcowan ; Bladnoch Kirkcowan
Lewis&clark	2	Lewis&Clark Corn ; Lewis&Clark Northwest
Lighthouse	2	Lighthouse ; Lighthouse Peated
Linkwood	2	Linkwood Refill ; Linkwood 1974 Rare Malts Selection
Lot No 40	2	Lot №40 Rye ; LOT NO. 40 Rye Copper Pot Distilled
Lot №40	2	Lot №40 Rye ; LOT NO. 40 Rye Copper Pot Distilled
Lux Row	2	Lux Row Four Grain ; Lux Row PX Sherry Finish
Mackmyra	2	Mackmyra Bjorksav ; Mackmyra Moment Tolv
Masahiro	2	Masahiro Oloroso Sherry Cask ; Masahiro Kaijin Limited Release
Matsui	2	Matsui The Peated ; Tottori Barell Matsui Distillery
Matt D Arcy	2	Matt D'Arcy ; Matt D'Arcy
Miltonduff	2	Miltonduff Vintage 1990 ; Miltonduff 1990 - The First Editions
Mitchell&son	2	Mitchells Green Spot ; Mitchell&Son Yellow Spot
Muteki	2	Muteki ; Japanese Muteki
Noble Rebel	2	Noble Rebel Smoke Symphony ; Noble Rebel Orchard Outburst
Oakeshott	2	Oakeshott ; Oakeshott
O Brian	2	O'Brian ; O'Brian
O.h. Ingram	2	O.H. Ingram River Aged ; O.H. Ingram River Aged Flagship
Old Smuggler	2	Old Smuggler ; Old Smuggler
Onikishi	2	Onikishi Demon Knight ; Onikishi Deadly Sakura
Pike Creek	2	Pike Creek ; Pike Creek Finished in Rum Barrels
Pikesville	2	Pikesville ; Pikesville
Powers John's Lane	2	Powers John's Lane ; Powers John's Lane
Rebel Yell	2	Rebel Yell KSBW ; Rebel Yell KSBW
Rittenhouse	2	Rittenhouse Rye ; Rittenhouse Rye
Royal Stag	2	Royal Stag Deluxe ; Seagram's Royal Stag Deluxe
Rozelieures	2	Rozelieures Rare Collection ; Rozelieures Subtil Collection
Ruotker's	2	Ruotker's Ruediger ; Ruotker's Oloroso Sherry Cask
Sam Barton	2	Sam Barton ; Sam Barton
Sazerac	2	Sazerac ; Sazerac
Scottish Deer	2	Scottish Deer ; Scottish Deer
Sexton	2	Sexton ; Sexton
Slaur Sardet	2	Slaur Sardet River Queen ; Slaur Sardet Glen Scanlan
Speaker	2	Speaker ; Speaker
Spey River	2	Spey River Sherry Cask ; Spey River Bourbon Cask
St.kilian	2	St.Kilian Peated ; St.Kilian Classic
Terence Hill	2	Terence Hill The Hero ; Terence Hill The Hero
The Busker	2	Busker ; Busker Triple Cask Triple Smooth
The Dead Rabbit	2	The Dead Rabbit ; The Dead Rabbit
The Glenlee	2	The Glenlee ; The Glenlee
The Hive	2	The Hive ; The Hive
The Legacy Series	2	Torabhaig The Legacy ; Torabhaig Allt Gleann
The Speaker	2	Speaker ; Speaker
The Story of Back To Black	2	Back to Black ; The Story of Back to Black
The Talisman	2	The Talisman ; J&W Hardie Talisman
The Tottori	2	Tottori ; The Tottori Bourbon Barrel
Tokinoka	2	Tokinoka Black ; Eigashima Shuzo Tokinoka White Oak Distillery
Tormore	2	Tormore Legacy 2009 Single Cask ; Tormore 1988 - The First Edition Author's Series Charles Baudelaire
Trail's End	2	Trail's End ; Trail's End
Vulson	2	Vulson Rhino's Pastoral ; Vulson Old Rhino Rye Spirit
White Heather	2	White Heather ; White Heather
Whyte & Mackay	2	Whyte&Mackey ; Whyte&Mackey
Wilson	2	Wilson ; Wilson
Woody Creek	2	Woody Creek Distillers Colorado ; Woody Creek Distillers Colorado Rye
Wormtub	2	Wormtub ; Wormtub Single Cask - Batch 6
Yamazakura	2	Yamazakura ; Yamazakura Fine Blend
Yellow Edition	2	Yellow Edition Teaninich ; Yellow Edition Blair Athol 2011
Yellow Rose	2	Yellow Rose Outlaw ; Yellow Rose Premium
1770	1	1770 The Original
1792	1	1792 Small Batch
Aber	1	Aber Falls
Aberdour	1	Aberdour
Aber Falls	1	Aber Falls
Aikan	1	Aikan Extra Collection Batch No.3
Ailsa Bay	1	Ailsa Bay
Alchemist	1	Alchemist Tobermory
Angel	1	Glen Angel
An Orkney	1	An Orkney
Ardnamurchan	1	Ardnamurchan AD
Azabu	1	Azabu
Baker's	1	Baker's
Ballantine's Brasil	1	Ballantine's Brasil
Bandwagon	1	Bandwagon
Bank Note	1	Bank Note
Beinn Dubh	1	Beinn Dubh Thunder in the Glens Anniversary GB
Bercloux	1	Bercloux
Bernheim	1	Bernheim Original Wheat
Bib&tucker	1	Bib&Tucker Small Batch
Big Peat	1	Big Peat Small Batch
Bomberger's	1	Bomberger's Declaration
Bonailie	1	Bonailie
Boulevardier	1	Boulevardier
Bradan Orach	1	Speyburn Bradan Orach
Buchanan's	1	Buchanan's
Cask Orkney	1	Cask Orkney
Catcher's Rye	1	Catcher's Rye
Celtic Revival	1	Celtic Revival
Civitas	1	Civitas
Crabbie&cree	1	Crabbie&Cree
Crater Lake	1	Crater Lake Rye
Cromwells Royal	1	Cromwell's Royal
Daddy Rack	1	Daddy Rack Tennessee Straight
Daftmill	1	Daftmill
Dalmunach	1	Dalmunach Distillery XXI century
Deep River	1	Deep River
Dilmoor	1	Gold Mill
Dram Loch	1	Dram Loch
Dry Fly	1	Dry Fly Cask Strength Wheat
Dublin's Own	1	Dublin's Own
Easy Rider	1	Easy Rider
Ecosse G	1	Ecosse G
FEW	1	FEW
Fitzwilliam	1	Fitzwilliam
Flannigans	1	Flannigans Irish Blend
Flora&fauna,mannochmore	1	Mannochmore Flora and Fauna
Fordman	1	Fordman
Fuji	1	Fuji
Georgia Moon	1	Georgia Moon Corn
Glant Bernard	1	Glant Bernard
Glenalmond	1	Glenalmond
Glen Barley	1	Glen Barley №3
Glen Broch	1	Glen Broch
Glengannon	1	Glengannon
Glen Russell	1	Glen Russell
Gouden Carolus	1	Gouden Carolus
Grand Grizzly	1	Grand Grizzly
Grangestone	1	Grangestone Bourbon Cask
Grass Widow	1	Grass Widow
Green River	1	Green River Wheated
Green Spot	1	Mitchells Green Spot
Greign	1	Greign
Gwalarn Pure	1	Gwalarn
Haig Club	1	Haig Club Clubman
Hamiltons	1	Hamiltons
Hepp	1	Hepp Tharcis Alsacien
Highland's Friends	1	Fauconnier Highland's Friends
Hinotori	1	Hinotori
Hogs	1	Hogs 3
Hunter Laing	1	Hunter Laing Old & Rare Tullibardine
Ice Drive	1	Ice drive харчовий кубики для напоїв п/е
Imperial	1	Imperial Imperial 1995
Inchgower	1	Inchgower Flora&Fauna
Irishamerican	1	Irish
Isle of Harris	1	Isle of Harris The Hearach
James E.pepper	1	James E.Pepper 1776
Jimsher	1	Jimsher Цинандалі
Johnny Drum	1	Johnny Drum Private Stock
Johnny Hepp	1	Johnny Hepp Alsacien
Johnny Smoking Gun	1	Johnny Smoking Gun
J P Wiser's	1	J.P. Wiser's Tripple Barrel
J.riddle	1	J.Riddle Peated
Judas Priest	1	Judas Priest 50 Heavy Metal Years
Kentucky Vintage	1	Kentucky Vintage
Knappogue Castle	1	Knappogue Castle
Koriyama	1	Koriyama
Kyoda	1	Kyoda
Lambertus	1	Lambertus Founders Reserve
Lauders	1	Lauder's Finest
Lehmann	1	Hiberum Saboga
Leopold Bros	1	Leopold Bros Peach
Littlemill	1	Littlemill
Lou Gal	1	Lou Gal French
Machrie Moor	1	Machrie Moor
Malt B	1	Malt B
Manhattan	1	Manhattan
Marc De Champagne	1	Marc de Champagne
Mash Cut	1	Mash Cut
Masterson's	1	Masterson's
Mccarthy's	1	McCarthy's
McClelland's	1	McClelland's
McGibbon's	1	McGibbon's Ribbon
Mckintrye's Club & Casino	1	McKintrye's Club & Casino
Mellow Corn	1	Mellow Corn
Method and Madness	1	Method and Madness
Minor Case	1	Minor Case Rye Sherry Cask Finish
Misaki	1	Misaki
Mizen Head	1	Mizen Head
Moonshine Runners	1	Moonshine Runners
Morrison Mackay	1	Morrison&Mackay Old Perth Original
Moulin	1	Moulin
Naked Grouse	1	Naked Grouse
Nc Nean	1	Nc'nean Organic
Neidhal	1	Neidhal
Nelson's Green Brier	1	Nelson's Green Brier Tennessee
Noah's Mill	1	Noah's Mill
Nobushi	1	Nobushi
O Dohertys	1	O'Dohertys
Old Ballantruan	1	Old Ballantruan
Old Barny	1	Old Barny
Old Castle	1	Old Castle
Old Comber	1	Old Comber
Old Forester	1	Old Forester
Old Overholt	1	Old Overholt
Old Rip Van Winkle	1	Old Rip Van Winkle
Old Route 8	1	Old Route 8 Single Cask Strength
Old Smitty's	1	Old Smitty's
Old Tullymet	1	Old Tullymet
Old Woody	1	Old Woody
O Liam	1	O'Liam
O Neills	1	O'Neills Smooth Blend
Parker's Heritage	1	Parker's Heritage Collection
Passport Scotch	1	Passport
Peanut Butter	1	Skrewball Peanut Butter
Peat Chimney	1	Peat Chimney
Pennypacker	1	PennyPacker
Pickup Truck	1	Pickup Truck
Platte Valley	1	Platte Valley Corn
Platte Walley	1	Platte Walley Corn
Prohibido	1	Ley Seca
Proper № Twelve	1	Proper № Twelve
Pure Kentucky XO	1	Pure Kentucky XO
Ragtime Rye	1	Ragtime Rye
Rammstein	1	Rammstein
Reki	1	Reki
Reservoir	1	Reservoir
Robert Burns	1	Robert Burns
Rock Island	1	Rock Island Sherry Edition
Roe + Co	1	Roe & Co
Roseisle	1	Roseisle Special Release 2024
Rowan's Creek	1	Rowan's Creek
Rowans Creek	1	Rowan's Creek Kentucky
Royal Canadian	1	Royal Canadian Small Batch
Sakurao	1	Sakurao
Scots Earl	1	Scots Earl
Scottish Glory	1	Scottish Glory
Seagram's Gin	1	Seagram's Royal Stag Deluxe
Shackleton	1	Shackleton
Shefford Manor	1	Shefford Manor Old
Shenk's	1	Shenk's Homestead Sour Mash
Shin	1	Shin
Skrewball	1	Skrewball Peanut Butter
Slipknot №9	1	Slipknot №9 Iowa
Smokey Joe	1	Smokey Joe
Smooth Ambler	1	Smooth Ambler Contradiction
Spearhead	1	Spearhead
Spice King	1	Spice King
Spice Monkey	1	Spice Monkey
Star&stripes	1	Star&Stripes
Syndicate 58/6	1	Syndicate 58/6
Take It To The Brig	1	Take It to the Brig
Talisman	1	Tomatin Talisman
Teerenpeli	1	Teerenpeli
The Deacon	1	The Deacon
The Deveron	1	Glen Deveron
The Famous Grouse	1	The Famous Grouse
The Galtee Mountain Boy	1	The Galtee Mountain Boy
The Gild	1	The Gild
The Glenturret	1	The Glenturret Peated Edition
The Hakushu	1	The Hakushu Suntory Distiller's Reserve
The Highland Shepherd	1	The Highland Shepherd
The Kurayoshi	1	The Kurayoshi Tottori
The Kyoto	1	The Kyoto Aka-Obi Red Nishijin-ori
The Old Barrel	1	The Old Barrel
The Wild Geese	1	The Wild Geese Descendants
The Wild North	1	Wild North
The Woodsman	1	The Woodsman
Thin Lizzy	1	Thin Lizzy
Three Ships	1	Three Ships
Tincup	1	Tincup
Turning Point	1	Turning Point Rye
Umiki	1	Umiki Godzilla
Undone	1	Undone No.3 American Blend Not
Valdespino	1	Malt
Velvet Cap	1	Velvet Cap Irish Triple Cask
Waterproof	1	Waterproof
Wilderness Trail	1	Wilderness Trail Wheated
Wilson&ford	1	Wilson&Ford
Wolfburn	1	Wolfburn Langskip
Woodford	1	Woodford Резерв
Yamazaki	1	Suntory Yamazaki
Yellow Spot	1	Mitchells Yellow Spot
