Sir Edwards Finest	6	blend	GB-SCT
Highland Baron	4	blend	GB-SCT
Yoichi	4	single malt	JP
Edderwick	3	blend	GB-SCT
Miyagikyo	3	single malt	JP
Aged on American Oak Chips Сол.дист на щепі білого дуба	2	blend	UA
Aged on Bourbon Oak Chips Солод.дист на щепі з бочки з-під бурбону	2	blend	UA
Barclays	2	blend	GB-SCT
BEER Aged on Bourbon Oak Chips	2	bourbon	
BEER Pure Craft Beer Distillate	2	grain	
Charlie Parry's Mallows	2	bourbon	US
Gelston's	2	single malt	IE
Highland Park	2	single malt	GB-SCT
Muirhead's Blue Seal	2	blend	GB-SCT
Restless Pony	2	rye	
Shamrose	2	blend	IE
Sir Edwards Smoky	2	blend	GB-SCT
Stag Hunter Special Reserve	2	blend	GB-SCT
36 South Double Grain Morris	1	grain	AU
Aberargie Morrison	1	single malt	GB-SCT
Bart's	1	blend	IE
Bart's XS Edition	1	blend	IE
Beara	1	grain	IE
Beara Black Cask Blend	1	blend	IE
BEER Pure Craft Beer Distillate Milkshake IPA	1	grain	
Bell Rock	1	blend	US
Bell Rock Butterscotch Liquor	1	blend	US
Big Moustache	1	blend	DE
Big Moustache	1	rye	US
Big Moustache	1	blend	US
Billy Bong	1	bourbon	US
Blairfindy 1980 Raw Cask	1	single malt	GB-SCT
Blue	1	blend	GB-SCT
Blue Ridge American Virginia Distillery Company	1	single malt	US
Bold Thady Bourbon Casks Matured	1	blend	IE
Bouteille Double Cask	1	blend	FR
Bouteille Triple Cask	1	blend	FR
Brora 2010 9th Release	1	single malt	GB-SCT
Cabernet Cask American Virginia Distillery Company	1	single malt	US
Cameron Bridge	1	grain	GB-SCT
Canadian Mist	1	blend	CA
Chieftain's The Cigar Malt (Ian Macleod)	1	single malt	GB-SCT
Cider Cask American Virginia Distillery Company	1	single malt	US
Courage & Conviction Bourbon Cask Virginia Distillery Company	1	bourbon	US
Courage & Conviction Cuvee Cask Virginia Distillery Company	1	single malt	US
Courage & Conviction Sherry Cask Virginia Distillery Company	1	single malt	US
Crazy Charley	1	blend	
Cumberland Falls	1	bourbon	
Distillate дистилят	1	malt	
Dubliner Irish Bourbon Cask	1	blend	IE
Early Times	1	blend	US
Element Fusion	1	blend	IE
Element Lore	1	single malt	IE
Emerald Giant Rye Redwood Empire	1	rye	US
ENTUZIAST HONEY SPIRIT AGED	1		
Filey Bay Flagship Spirit of Yorkshire	1	single malt	GB-ENG
Filey Bay Moscatel Sherry Cask Spirit of Yorkshire	1		
Filey Bay Nurture Spirit of Yorkshire	1	single malt	GB-ENG
Filey Bay STR Red Wine Cask Spirit of Yorkshire	1	single malt	GB-ENG
Fillers Sherry Cask	1	single malt	BE
Fillers Sherry Cask Strength	1	single malt	BE
Filliers	1	single malt	BE
Finity Irish Honey	1		IE
Forty Creek Copper Pot Reserve	1	blend	CA
Gelston's Halewood	1	single malt	IE
Glen Clan Smoky Peated Blend	1	blend	GB-SCT
Glencoe	1	single malt	GB-SCT
Glenfiddich	1	single malt	GB-SCT
Glenmorangie Original	1	single malt	GB-SCT
Glen Turner	1	blend	GB-SCT
Glenturret Peated	1	single malt	GB-SCT
Gravediggers	1	bourbon	IE
Haran Finished in Cider Cask	1	malt	ES
Haran Finished in Porto Cask	1	malt	ES
Haran Finished in Sherry Cask	1	malt	ES
Haran Original Casks Selection	1		
Haran Original Small Batch Reserve	1	malt	ES
